Run	BioProject	BioSample	SampleName	Platform	Model	LibraryStrategy	spots	bases	ScientificName	ReleaseDate	retrieved
SRR30017717	PRJNA1136829	SAMN42802139	Ref_Gadus16s	ION_TORRENT	Ion GeneStudio S5 Prime	AMPLICON	460	109430	food metagenome	2024-07-29 10:10:04	2026-10-05
SRR30017716	PRJNA1136829	SAMN42802140	Ref_GadusCOI	ION_TORRENT	Ion GeneStudio S5 Prime	AMPLICON	74	12094	food metagenome	2024-07-29 09:59:15	2026-10-05
SRR30017711	PRJNA1136829	SAMN42802141	SM10	ION_TORRENT	Ion GeneStudio S5 Prime	AMPLICON	655	143974	food metagenome	2024-07-29 09:59:16	2026-10-05
SRR30017705	PRJNA1136829	SAMN42802142	SM11	ION_TORRENT	Ion GeneStudio S5 Prime	AMPLICON	3561	543198	food metagenome	2024-07-29 09:59:16	2026-10-05
SRR30017704	PRJNA1136829	SAMN42802143	SM14	ION_TORRENT	Ion GeneStudio S5 Prime	AMPLICON	609	144414	food metagenome	2024-07-29 09:59:16	2026-10-05
SRR30017702	PRJNA1136829	SAMN42802144	SM15	ION_TORRENT	Ion GeneStudio S5 Prime	AMPLICON	4459	765394	food metagenome	2024-07-29 09:59:16	2026-10-05
SRR30017701	PRJNA1136829	SAMN42802145	SM16	ION_TORRENT	Ion GeneStudio S5 Prime	AMPLICON	4787	1001665	food metagenome	2024-07-29 09:59:16	2026-10-05
SRR30017700	PRJNA1136829	SAMN42802146	SM17	ION_TORRENT	Ion GeneStudio S5 Prime	AMPLICON	1758	327787	food metagenome	2024-07-29 09:59:16	2026-10-05
SRR30017703	PRJNA1136829	SAMN42802147	SM18	ION_TORRENT	Ion GeneStudio S5 Prime	AMPLICON	3384	703077	food metagenome	2024-07-29 09:59:16	2026-10-05
SRR30017698	PRJNA1136829	SAMN42802148	SM19	ION_TORRENT	Ion GeneStudio S5 Prime	AMPLICON	2670	502579	food metagenome	2024-07-29 09:54:07	2026-10-05
SRR30017699	PRJNA1136829	SAMN42802149	SM2	ION_TORRENT	Ion GeneStudio S5 Prime	AMPLICON	3220	621187	food metagenome	2024-07-29 09:59:15	2026-10-05
SRR30017719	PRJNA1136829	SAMN42802150	SM20	ION_TORRENT	Ion GeneStudio S5 Prime	AMPLICON	1781	324807	food metagenome	2024-07-29 09:59:15	2026-10-05
SRR30017718	PRJNA1136829	SAMN42802151	SM21	ION_TORRENT	Ion GeneStudio S5 Prime	AMPLICON	3570	745493	food metagenome	2024-07-29 09:59:15	2026-10-05
SRR30017715	PRJNA1136829	SAMN42802152	SM22	ION_TORRENT	Ion GeneStudio S5 Prime	AMPLICON	2981	505201	food metagenome	2024-07-29 09:59:15	2026-10-05
SRR30017714	PRJNA1136829	SAMN42802153	SM23	ION_TORRENT	Ion GeneStudio S5 Prime	AMPLICON	6051	1101299	food metagenome	2024-07-29 09:59:15	2026-10-05
SRR30017713	PRJNA1136829	SAMN42802154	SM25	ION_TORRENT	Ion GeneStudio S5 Prime	AMPLICON	5335	1108642	food metagenome	2024-07-29 09:59:15	2026-10-05
SRR30017712	PRJNA1136829	SAMN42802155	SM3	ION_TORRENT	Ion GeneStudio S5 Prime	AMPLICON	829	172798	food metagenome	2024-07-29 09:59:15	2026-10-05
SRR30017710	PRJNA1136829	SAMN42802156	SM4	ION_TORRENT	Ion GeneStudio S5 Prime	AMPLICON	2959	551781	food metagenome	2024-07-29 09:59:16	2026-10-05
SRR30017709	PRJNA1136829	SAMN42802157	SM5	ION_TORRENT	Ion GeneStudio S5 Prime	AMPLICON	5391	1034574	food metagenome	2024-07-29 10:10:04	2026-10-05
SRR30017708	PRJNA1136829	SAMN42802158	SM6	ION_TORRENT	Ion GeneStudio S5 Prime	AMPLICON	7370	1534475	food metagenome	2024-07-29 10:10:04	2026-10-05
SRR30017707	PRJNA1136829	SAMN42802159	SM7	ION_TORRENT	Ion GeneStudio S5 Prime	AMPLICON	3826	685054	food metagenome	2024-07-29 09:59:16	2026-10-05
SRR30017706	PRJNA1136829	SAMN42802161	SM9	ION_TORRENT	Ion GeneStudio S5 Prime	AMPLICON	4393	838165	food metagenome	2024-07-29 09:59:16	2026-10-05
