conf_ident	min_margin	min_cov	products	called	agree	agreement	inconclusive
98.0	0.0	80.0	19	19	19	1.0	0
98.0	0.0	90.0	19	19	19	1.0	0
98.0	0.0	95.0	19	19	19	1.0	0
98.0	0.5	80.0	19	4	4	1.0	15
98.0	0.5	90.0	19	4	4	1.0	15
98.0	0.5	95.0	19	4	4	1.0	15
98.0	1.0	80.0	19	4	4	1.0	15
98.0	1.0	90.0	19	4	4	1.0	15
98.0	1.0	95.0	19	4	4	1.0	15
98.0	2.0	80.0	19	3	3	1.0	16
98.0	2.0	90.0	19	2	2	1.0	17
98.0	2.0	95.0	19	2	2	1.0	17
98.5	0.0	80.0	19	19	19	1.0	0
98.5	0.0	90.0	19	19	19	1.0	0
98.5	0.0	95.0	19	19	19	1.0	0
98.5	0.5	80.0	19	4	4	1.0	15
98.5	0.5	90.0	19	4	4	1.0	15
98.5	0.5	95.0	19	4	4	1.0	15
98.5	1.0	80.0	19	4	4	1.0	15
98.5	1.0	90.0	19	4	4	1.0	15
98.5	1.0	95.0	19	4	4	1.0	15
98.5	2.0	80.0	19	3	3	1.0	16
98.5	2.0	90.0	19	2	2	1.0	17
98.5	2.0	95.0	19	2	2	1.0	17
99.0	0.0	80.0	19	19	19	1.0	0
99.0	0.0	90.0	19	19	19	1.0	0
99.0	0.0	95.0	19	19	19	1.0	0
99.0	0.5	80.0	19	4	4	1.0	15
99.0	0.5	90.0	19	4	4	1.0	15
99.0	0.5	95.0	19	4	4	1.0	15
99.0	1.0	80.0	19	4	4	1.0	15
99.0	1.0	90.0	19	4	4	1.0	15
99.0	1.0	95.0	19	4	4	1.0	15
99.0	2.0	80.0	19	2	2	1.0	17
99.0	2.0	90.0	19	2	2	1.0	17
99.0	2.0	95.0	19	2	2	1.0	17
99.5	0.0	80.0	19	19	19	1.0	0
99.5	0.0	90.0	19	19	19	1.0	0
99.5	0.0	95.0	19	19	19	1.0	0
99.5	0.5	80.0	19	4	4	1.0	15
99.5	0.5	90.0	19	4	4	1.0	15
99.5	0.5	95.0	19	4	4	1.0	15
99.5	1.0	80.0	19	4	4	1.0	15
99.5	1.0	90.0	19	4	4	1.0	15
99.5	1.0	95.0	19	4	4	1.0	15
99.5	2.0	80.0	19	2	2	1.0	17
99.5	2.0	90.0	19	2	2	1.0	17
99.5	2.0	95.0	19	2	2	1.0	17
100.0	0.0	80.0	19	19	19	1.0	0
100.0	0.0	90.0	19	19	19	1.0	0
100.0	0.0	95.0	19	19	19	1.0	0
100.0	0.5	80.0	19	4	4	1.0	15
100.0	0.5	90.0	19	4	4	1.0	15
100.0	0.5	95.0	19	4	4	1.0	15
100.0	1.0	80.0	19	4	4	1.0	15
100.0	1.0	90.0	19	4	4	1.0	15
100.0	1.0	95.0	19	4	4	1.0	15
100.0	2.0	80.0	19	2	2	1.0	17
100.0	2.0	90.0	19	2	2	1.0	17
100.0	2.0	95.0	19	2	2	1.0	17
