U1;size=841	MW831011|Gadus_morhua	100.000	80	80
U1;size=841	ON545931|Gadus_morhua	100.000	80	80
U1;size=841	ON545937|Gadus_morhua	100.000	80	80
U1;size=841	ON545938|Gadus_morhua	100.000	80	80
U1;size=841	ON545957|Gadus_morhua	100.000	80	80
U1;size=841	ON545965|Gadus_morhua	100.000	80	80
U1;size=841	MZ407824|Gadus_morhua	100.000	80	80
U1;size=841	MZ407825|Gadus_morhua	100.000	80	80
U1;size=841	PP087981|Gadus_morhua	100.000	80	80
U1;size=841	PP087982|Gadus_morhua	100.000	80	80
U1;size=841	PP087983|Gadus_morhua	100.000	80	80
U1;size=841	PQ034651|Gadus_morhua	100.000	80	80
U1;size=841	PQ034652|Gadus_morhua	100.000	80	80
U1;size=841	PQ034653|Gadus_morhua	100.000	80	80
U1;size=841	PV541600|Gadus_morhua	100.000	80	80
U1;size=841	PZ676065|Gadus_morhua	100.000	80	80
U1;size=841	MZ097918|Gadus_chalcogrammus	100.000	80	80
U1;size=841	MZ097919|Gadus_chalcogrammus	100.000	80	80
U1;size=841	MZ097920|Gadus_chalcogrammus	100.000	80	80
U1;size=841	MZ097921|Gadus_chalcogrammus	100.000	80	80
U1;size=841	MZ097922|Gadus_chalcogrammus	100.000	80	80
U1;size=841	MZ097923|Gadus_chalcogrammus	100.000	80	80
U1;size=841	MZ097924|Gadus_chalcogrammus	100.000	80	80
U1;size=841	MZ097925|Gadus_chalcogrammus	100.000	80	80
U1;size=841	MZ097926|Gadus_chalcogrammus	100.000	80	80
U1;size=841	MZ407786|Gadus_chalcogrammus	100.000	80	80
U1;size=841	MW435038|Gadus_chalcogrammus	100.000	80	80
U1;size=841	MW435064|Gadus_chalcogrammus	100.000	80	80
U1;size=841	MW435065|Gadus_chalcogrammus	100.000	80	80
U1;size=841	MW435131|Gadus_chalcogrammus	100.000	80	80
U1;size=841	OQ932941|Gadus_chalcogrammus	100.000	80	80
U1;size=841	PV541582|Gadus_chalcogrammus	100.000	80	80
U1;size=841	PV541586|Gadus_chalcogrammus	100.000	80	80
U1;size=841	PX398564|Gadus_chalcogrammus	100.000	80	80
U1;size=841	ON545935|Gadus_morhua	98.750	80	80
U1;size=841	MZ169750|Arctogadus_glacialis	98.750	80	80
U1;size=841	MZ169751|Arctogadus_glacialis	98.750	80	80
U1;size=841	MW435025|Arctogadus_glacialis	98.750	80	80
U1;size=841	MW435087|Arctogadus_glacialis	98.750	80	80
U1;size=841	MW435088|Arctogadus_glacialis	98.750	80	80
U1;size=841	MW435090|Arctogadus_glacialis	98.750	80	80
U1;size=841	MW435091|Arctogadus_glacialis	98.750	80	80
U1;size=841	MW435092|Arctogadus_glacialis	98.750	80	80
U1;size=841	MW435094|Arctogadus_glacialis	98.750	80	80
U1;size=841	MW435095|Arctogadus_glacialis	98.750	80	80
U1;size=841	MW435096|Arctogadus_glacialis	98.750	80	80
U1;size=841	MW435098|Arctogadus_glacialis	98.750	80	80
U1;size=841	MW435099|Arctogadus_glacialis	98.750	80	80
U1;size=841	MW435100|Arctogadus_glacialis	98.750	80	80
U1;size=841	MW435103|Arctogadus_glacialis	98.750	80	80
U2;size=708	MW435025|Arctogadus_glacialis	100.000	80	80
U2;size=708	MW435087|Arctogadus_glacialis	100.000	80	80
U2;size=708	MW435088|Arctogadus_glacialis	100.000	80	80
U2;size=708	MW435090|Arctogadus_glacialis	100.000	80	80
U2;size=708	MW435091|Arctogadus_glacialis	100.000	80	80
U2;size=708	MW435092|Arctogadus_glacialis	100.000	80	80
U2;size=708	MW435093|Arctogadus_glacialis	100.000	80	80
U2;size=708	MW435094|Arctogadus_glacialis	100.000	80	80
U2;size=708	MW435095|Arctogadus_glacialis	100.000	80	80
U2;size=708	MW435096|Arctogadus_glacialis	100.000	80	80
U2;size=708	MW435098|Arctogadus_glacialis	100.000	80	80
U2;size=708	MW435099|Arctogadus_glacialis	100.000	80	80
U2;size=708	MW435100|Arctogadus_glacialis	100.000	80	80
U2;size=708	MW435103|Arctogadus_glacialis	100.000	80	80
U2;size=708	MW435104|Arctogadus_glacialis	100.000	80	80
U2;size=708	MW435139|Arctogadus_glacialis	100.000	80	80
U2;size=708	MW435147|Arctogadus_glacialis	100.000	80	80
U2;size=708	PV496041|Arctogadus_glacialis	100.000	80	80
U2;size=708	ON545931|Gadus_morhua	100.000	80	80
U2;size=708	ON545933|Gadus_morhua	100.000	80	80
U2;size=708	ON545935|Gadus_morhua	100.000	80	80
U2;size=708	ON545937|Gadus_morhua	100.000	80	80
U2;size=708	ON545938|Gadus_morhua	100.000	80	80
U2;size=708	ON545957|Gadus_morhua	100.000	80	80
U2;size=708	PP087981|Gadus_morhua	100.000	80	80
U2;size=708	PP087982|Gadus_morhua	100.000	80	80
U2;size=708	PP087983|Gadus_morhua	100.000	80	80
U2;size=708	MW435038|Gadus_chalcogrammus	100.000	80	80
U2;size=708	MW435064|Gadus_chalcogrammus	100.000	80	80
U2;size=708	MW435131|Gadus_chalcogrammus	100.000	80	80
U2;size=708	OQ932941|Gadus_chalcogrammus	100.000	80	80
U2;size=708	PX398564|Gadus_chalcogrammus	100.000	80	80
U2;size=708	MZ097918|Gadus_chalcogrammus	98.750	80	80
U2;size=708	MZ097919|Gadus_chalcogrammus	98.750	80	80
U2;size=708	MZ097920|Gadus_chalcogrammus	98.750	80	80
U2;size=708	MZ097921|Gadus_chalcogrammus	98.750	80	80
U2;size=708	MZ097922|Gadus_chalcogrammus	98.750	80	80
U2;size=708	MZ097923|Gadus_chalcogrammus	98.750	80	80
U2;size=708	MZ097924|Gadus_chalcogrammus	98.750	80	80
U2;size=708	MZ097925|Gadus_chalcogrammus	98.750	80	80
U2;size=708	MZ097926|Gadus_chalcogrammus	98.750	80	80
U2;size=708	MW435065|Gadus_chalcogrammus	98.750	80	80
U2;size=708	KX119494|Pollachius_virens	100.000	76	80
U2;size=708	KX119495|Pollachius_virens	100.000	76	80
U2;size=708	LC146692|Pollachius_virens	100.000	76	80
U2;size=708	MN893170|Pollachius_virens	100.000	76	80
U2;size=708	MK241678|Pollachius_virens	100.000	76	80
U2;size=708	MK241680|Pollachius_virens	100.000	76	80
U2;size=708	MT455166|Pollachius_virens	100.000	76	80
U2;size=708	PQ034643|Pollachius_virens	100.000	76	80
U3;size=259	LC146692|Pollachius_virens	97.143	70	80
U3;size=259	OQ932941|Gadus_chalcogrammus	98.462	65	80
U3;size=259	MK241678|Pollachius_virens	98.438	64	80
U3;size=259	MK241680|Pollachius_virens	98.438	64	80
U3;size=259	OR290809|Merluccius_gayi	92.308	78	80
U3;size=259	OR290814|Merluccius_gayi	92.308	78	80
U3;size=259	OR290803|Merluccius_gayi	94.286	70	80
U3;size=259	ON545935|Gadus_morhua	96.875	64	80
U3;size=259	ON545937|Gadus_morhua	96.875	64	80
U3;size=259	ON545957|Gadus_morhua	96.875	64	80
U3;size=259	PP087981|Gadus_morhua	100.000	56	80
U3;size=259	PP087982|Gadus_morhua	100.000	56	80
U3;size=259	PP087983|Gadus_morhua	100.000	56	80
U3;size=259	ON545931|Gadus_morhua	100.000	55	80
U3;size=259	ON545933|Gadus_morhua	100.000	55	80
U3;size=259	ON545938|Gadus_morhua	100.000	55	80
U3;size=259	MW435025|Arctogadus_glacialis	100.000	53	80
U3;size=259	MW435087|Arctogadus_glacialis	100.000	53	80
U3;size=259	MW435088|Arctogadus_glacialis	100.000	53	80
U3;size=259	MW435090|Arctogadus_glacialis	100.000	53	80
U3;size=259	MW435091|Arctogadus_glacialis	100.000	53	80
U3;size=259	MW435092|Arctogadus_glacialis	100.000	53	80
U3;size=259	MW435093|Arctogadus_glacialis	100.000	53	80
U3;size=259	MW435094|Arctogadus_glacialis	100.000	53	80
U3;size=259	MW435095|Arctogadus_glacialis	100.000	53	80
U3;size=259	MW435096|Arctogadus_glacialis	100.000	53	80
U3;size=259	MW435098|Arctogadus_glacialis	100.000	53	80
U3;size=259	MW435099|Arctogadus_glacialis	100.000	53	80
U3;size=259	MW435100|Arctogadus_glacialis	100.000	53	80
U3;size=259	MW435103|Arctogadus_glacialis	100.000	53	80
U3;size=259	MW435104|Arctogadus_glacialis	100.000	53	80
U3;size=259	MW435139|Arctogadus_glacialis	100.000	53	80
U3;size=259	MW435147|Arctogadus_glacialis	100.000	53	80
U3;size=259	PV496041|Arctogadus_glacialis	100.000	53	80
U3;size=259	MZ097918|Gadus_chalcogrammus	98.214	56	80
U3;size=259	MZ097919|Gadus_chalcogrammus	98.214	56	80
U3;size=259	MZ097920|Gadus_chalcogrammus	98.214	56	80
U3;size=259	MZ097921|Gadus_chalcogrammus	98.214	56	80
U3;size=259	MZ097922|Gadus_chalcogrammus	98.214	56	80
U3;size=259	MZ097923|Gadus_chalcogrammus	98.214	56	80
U3;size=259	MZ097924|Gadus_chalcogrammus	98.214	56	80
U3;size=259	MZ097925|Gadus_chalcogrammus	98.214	56	80
U3;size=259	MZ097926|Gadus_chalcogrammus	98.214	56	80
U3;size=259	MW435038|Gadus_chalcogrammus	100.000	53	80
U3;size=259	MW435064|Gadus_chalcogrammus	100.000	53	80
U3;size=259	MW435131|Gadus_chalcogrammus	100.000	53	80
U3;size=259	PX398564|Gadus_chalcogrammus	100.000	53	80
U3;size=259	OR290806|Merluccius_gayi	96.552	58	80
U3;size=259	KX119494|Pollachius_virens	98.113	53	80
U3;size=259	KX119495|Pollachius_virens	98.113	53	80
U6;size=128	OR290809|Merluccius_gayi	93.590	78	80
U6;size=128	OR290814|Merluccius_gayi	93.590	78	80
U6;size=128	OQ932941|Gadus_chalcogrammus	98.462	65	80
U6;size=128	LC146692|Pollachius_virens	95.714	70	80
U6;size=128	MK241678|Pollachius_virens	98.438	64	80
U6;size=128	MK241680|Pollachius_virens	98.438	64	80
U6;size=128	OR290803|Merluccius_gayi	95.714	70	80
U6;size=128	ON545935|Gadus_morhua	96.875	64	80
U6;size=128	ON545937|Gadus_morhua	96.875	64	80
U6;size=128	ON545957|Gadus_morhua	96.875	64	80
U6;size=128	PP087981|Gadus_morhua	100.000	56	80
U6;size=128	PP087982|Gadus_morhua	100.000	56	80
U6;size=128	PP087983|Gadus_morhua	100.000	56	80
U6;size=128	ON545931|Gadus_morhua	100.000	55	80
U6;size=128	ON545933|Gadus_morhua	100.000	55	80
U6;size=128	ON545938|Gadus_morhua	100.000	55	80
U6;size=128	MW435025|Arctogadus_glacialis	100.000	53	80
U6;size=128	MW435087|Arctogadus_glacialis	100.000	53	80
U6;size=128	MW435088|Arctogadus_glacialis	100.000	53	80
U6;size=128	MW435090|Arctogadus_glacialis	100.000	53	80
U6;size=128	MW435091|Arctogadus_glacialis	100.000	53	80
U6;size=128	MW435092|Arctogadus_glacialis	100.000	53	80
U6;size=128	MW435093|Arctogadus_glacialis	100.000	53	80
U6;size=128	MW435094|Arctogadus_glacialis	100.000	53	80
U6;size=128	MW435095|Arctogadus_glacialis	100.000	53	80
U6;size=128	MW435096|Arctogadus_glacialis	100.000	53	80
U6;size=128	MW435098|Arctogadus_glacialis	100.000	53	80
U6;size=128	MW435099|Arctogadus_glacialis	100.000	53	80
U6;size=128	MW435100|Arctogadus_glacialis	100.000	53	80
U6;size=128	MW435103|Arctogadus_glacialis	100.000	53	80
U6;size=128	MW435104|Arctogadus_glacialis	100.000	53	80
U6;size=128	MW435139|Arctogadus_glacialis	100.000	53	80
U6;size=128	MW435147|Arctogadus_glacialis	100.000	53	80
U6;size=128	PV496041|Arctogadus_glacialis	100.000	53	80
U6;size=128	MZ097918|Gadus_chalcogrammus	98.214	56	80
U6;size=128	MZ097919|Gadus_chalcogrammus	98.214	56	80
U6;size=128	MZ097920|Gadus_chalcogrammus	98.214	56	80
U6;size=128	MZ097921|Gadus_chalcogrammus	98.214	56	80
U6;size=128	MZ097922|Gadus_chalcogrammus	98.214	56	80
U6;size=128	MZ097923|Gadus_chalcogrammus	98.214	56	80
U6;size=128	MZ097924|Gadus_chalcogrammus	98.214	56	80
U6;size=128	MZ097925|Gadus_chalcogrammus	98.214	56	80
U6;size=128	MZ097926|Gadus_chalcogrammus	98.214	56	80
U6;size=128	MW435038|Gadus_chalcogrammus	100.000	53	80
U6;size=128	MW435064|Gadus_chalcogrammus	100.000	53	80
U6;size=128	MW435131|Gadus_chalcogrammus	100.000	53	80
U6;size=128	PX398564|Gadus_chalcogrammus	100.000	53	80
U6;size=128	OR290806|Merluccius_gayi	96.552	58	80
U6;size=128	KX119494|Pollachius_virens	98.113	53	80
U6;size=128	KX119495|Pollachius_virens	98.113	53	80
U5;size=116	LC146692|Pollachius_virens	98.571	70	80
U5;size=116	ON545935|Gadus_morhua	98.438	64	80
U5;size=116	ON545937|Gadus_morhua	98.438	64	80
U5;size=116	ON545957|Gadus_morhua	98.438	64	80
U5;size=116	OQ932941|Gadus_chalcogrammus	96.923	65	80
U5;size=116	MK241678|Pollachius_virens	96.875	64	80
U5;size=116	MK241680|Pollachius_virens	96.875	64	80
U5;size=116	OR290809|Merluccius_gayi	91.026	78	80
U5;size=116	OR290814|Merluccius_gayi	91.026	78	80
U5;size=116	PP087981|Gadus_morhua	100.000	56	80
U5;size=116	PP087982|Gadus_morhua	100.000	56	80
U5;size=116	PP087983|Gadus_morhua	100.000	56	80
U5;size=116	OR290803|Merluccius_gayi	92.857	70	80
U5;size=116	ON545931|Gadus_morhua	100.000	55	80
U5;size=116	ON545933|Gadus_morhua	100.000	55	80
U5;size=116	ON545938|Gadus_morhua	100.000	55	80
U5;size=116	MW435025|Arctogadus_glacialis	100.000	53	80
U5;size=116	MW435087|Arctogadus_glacialis	100.000	53	80
U5;size=116	MW435088|Arctogadus_glacialis	100.000	53	80
U5;size=116	MW435090|Arctogadus_glacialis	100.000	53	80
U5;size=116	MW435091|Arctogadus_glacialis	100.000	53	80
U5;size=116	MW435092|Arctogadus_glacialis	100.000	53	80
U5;size=116	MW435093|Arctogadus_glacialis	100.000	53	80
U5;size=116	MW435094|Arctogadus_glacialis	100.000	53	80
U5;size=116	MW435095|Arctogadus_glacialis	100.000	53	80
U5;size=116	MW435096|Arctogadus_glacialis	100.000	53	80
U5;size=116	MW435098|Arctogadus_glacialis	100.000	53	80
U5;size=116	MW435099|Arctogadus_glacialis	100.000	53	80
U5;size=116	MW435100|Arctogadus_glacialis	100.000	53	80
U5;size=116	MW435103|Arctogadus_glacialis	100.000	53	80
U5;size=116	MW435104|Arctogadus_glacialis	100.000	53	80
U5;size=116	MW435139|Arctogadus_glacialis	100.000	53	80
U5;size=116	MW435147|Arctogadus_glacialis	100.000	53	80
U5;size=116	PV496041|Arctogadus_glacialis	100.000	53	80
U5;size=116	MZ097918|Gadus_chalcogrammus	98.214	56	80
U5;size=116	MZ097919|Gadus_chalcogrammus	98.214	56	80
U5;size=116	MZ097920|Gadus_chalcogrammus	98.214	56	80
U5;size=116	MZ097921|Gadus_chalcogrammus	98.214	56	80
U5;size=116	MZ097922|Gadus_chalcogrammus	98.214	56	80
U5;size=116	MZ097923|Gadus_chalcogrammus	98.214	56	80
U5;size=116	MZ097924|Gadus_chalcogrammus	98.214	56	80
U5;size=116	MZ097925|Gadus_chalcogrammus	98.214	56	80
U5;size=116	MZ097926|Gadus_chalcogrammus	98.214	56	80
U5;size=116	MW435038|Gadus_chalcogrammus	100.000	53	80
U5;size=116	MW435064|Gadus_chalcogrammus	100.000	53	80
U5;size=116	MW435131|Gadus_chalcogrammus	100.000	53	80
U5;size=116	PX398564|Gadus_chalcogrammus	100.000	53	80
U5;size=116	OR290806|Merluccius_gayi	96.552	58	80
U5;size=116	OR290808|Merluccius_gayi	95.082	61	80
U5;size=116	KX119494|Pollachius_virens	98.113	53	80
U7;size=112	LC146692|Pollachius_virens	97.143	70	80
U7;size=112	OR290809|Merluccius_gayi	93.590	78	80
U7;size=112	OR290814|Merluccius_gayi	93.590	78	80
U7;size=112	OQ932941|Gadus_chalcogrammus	98.462	65	80
U7;size=112	MK241678|Pollachius_virens	98.438	64	80
U7;size=112	MK241680|Pollachius_virens	98.438	64	80
U7;size=112	OR290803|Merluccius_gayi	94.286	70	80
U7;size=112	ON545935|Gadus_morhua	96.875	64	80
U7;size=112	ON545937|Gadus_morhua	96.875	64	80
U7;size=112	ON545957|Gadus_morhua	96.875	64	80
U7;size=112	PP087981|Gadus_morhua	100.000	56	80
U7;size=112	PP087982|Gadus_morhua	100.000	56	80
U7;size=112	PP087983|Gadus_morhua	100.000	56	80
U7;size=112	ON545931|Gadus_morhua	100.000	55	80
U7;size=112	ON545933|Gadus_morhua	100.000	55	80
U7;size=112	ON545938|Gadus_morhua	100.000	55	80
U7;size=112	MW435025|Arctogadus_glacialis	100.000	53	80
U7;size=112	MW435087|Arctogadus_glacialis	100.000	53	80
U7;size=112	MW435088|Arctogadus_glacialis	100.000	53	80
U7;size=112	MW435090|Arctogadus_glacialis	100.000	53	80
U7;size=112	MW435091|Arctogadus_glacialis	100.000	53	80
U7;size=112	MW435092|Arctogadus_glacialis	100.000	53	80
U7;size=112	MW435093|Arctogadus_glacialis	100.000	53	80
U7;size=112	MW435094|Arctogadus_glacialis	100.000	53	80
U7;size=112	MW435095|Arctogadus_glacialis	100.000	53	80
U7;size=112	MW435096|Arctogadus_glacialis	100.000	53	80
U7;size=112	MW435098|Arctogadus_glacialis	100.000	53	80
U7;size=112	MW435099|Arctogadus_glacialis	100.000	53	80
U7;size=112	MW435100|Arctogadus_glacialis	100.000	53	80
U7;size=112	MW435103|Arctogadus_glacialis	100.000	53	80
U7;size=112	MW435104|Arctogadus_glacialis	100.000	53	80
U7;size=112	MW435139|Arctogadus_glacialis	100.000	53	80
U7;size=112	MW435147|Arctogadus_glacialis	100.000	53	80
U7;size=112	PV496041|Arctogadus_glacialis	100.000	53	80
U7;size=112	MZ097918|Gadus_chalcogrammus	98.214	56	80
U7;size=112	MZ097919|Gadus_chalcogrammus	98.214	56	80
U7;size=112	MZ097920|Gadus_chalcogrammus	98.214	56	80
U7;size=112	MZ097921|Gadus_chalcogrammus	98.214	56	80
U7;size=112	MZ097922|Gadus_chalcogrammus	98.214	56	80
U7;size=112	MZ097923|Gadus_chalcogrammus	98.214	56	80
U7;size=112	MZ097924|Gadus_chalcogrammus	98.214	56	80
U7;size=112	MZ097925|Gadus_chalcogrammus	98.214	56	80
U7;size=112	MZ097926|Gadus_chalcogrammus	98.214	56	80
U7;size=112	MW435038|Gadus_chalcogrammus	100.000	53	80
U7;size=112	MW435064|Gadus_chalcogrammus	100.000	53	80
U7;size=112	MW435131|Gadus_chalcogrammus	100.000	53	80
U7;size=112	PX398564|Gadus_chalcogrammus	100.000	53	80
U7;size=112	OR290806|Merluccius_gayi	96.552	58	80
U7;size=112	KX119494|Pollachius_virens	98.113	53	80
U7;size=112	KX119495|Pollachius_virens	98.113	53	80
U10;size=89	MW831011|Gadus_morhua	97.500	80	80
U10;size=89	ON545931|Gadus_morhua	97.500	80	80
U10;size=89	ON545937|Gadus_morhua	97.500	80	80
U10;size=89	ON545938|Gadus_morhua	97.500	80	80
U10;size=89	ON545957|Gadus_morhua	97.500	80	80
U10;size=89	ON545965|Gadus_morhua	97.500	80	80
U10;size=89	MZ407824|Gadus_morhua	97.500	80	80
U10;size=89	MZ407825|Gadus_morhua	97.500	80	80
U10;size=89	PP087981|Gadus_morhua	97.500	80	80
U10;size=89	PP087982|Gadus_morhua	97.500	80	80
U10;size=89	PP087983|Gadus_morhua	97.500	80	80
U10;size=89	PQ034651|Gadus_morhua	97.500	80	80
U10;size=89	PQ034652|Gadus_morhua	97.500	80	80
U10;size=89	PQ034653|Gadus_morhua	97.500	80	80
U10;size=89	PV541600|Gadus_morhua	97.500	80	80
U10;size=89	PZ676065|Gadus_morhua	97.500	80	80
U10;size=89	MZ097918|Gadus_chalcogrammus	97.500	80	80
U10;size=89	MZ097919|Gadus_chalcogrammus	97.500	80	80
U10;size=89	MZ097920|Gadus_chalcogrammus	97.500	80	80
U10;size=89	MZ097921|Gadus_chalcogrammus	97.500	80	80
U10;size=89	MZ097922|Gadus_chalcogrammus	97.500	80	80
U10;size=89	MZ097923|Gadus_chalcogrammus	97.500	80	80
U10;size=89	MZ097924|Gadus_chalcogrammus	97.500	80	80
U10;size=89	MZ097925|Gadus_chalcogrammus	97.500	80	80
U10;size=89	MZ097926|Gadus_chalcogrammus	97.500	80	80
U10;size=89	MZ407786|Gadus_chalcogrammus	97.500	80	80
U10;size=89	MW435038|Gadus_chalcogrammus	97.500	80	80
U10;size=89	MW435064|Gadus_chalcogrammus	97.500	80	80
U10;size=89	MW435065|Gadus_chalcogrammus	97.500	80	80
U10;size=89	MW435131|Gadus_chalcogrammus	97.500	80	80
U10;size=89	OQ442221|Gadus_chalcogrammus	97.500	80	80
U10;size=89	OQ932941|Gadus_chalcogrammus	97.500	80	80
U10;size=89	PV541582|Gadus_chalcogrammus	97.500	80	80
U10;size=89	PV541586|Gadus_chalcogrammus	97.500	80	80
U10;size=89	PV541612|Gadus_chalcogrammus	97.500	80	80
U10;size=89	PX398564|Gadus_chalcogrammus	97.500	80	80
U10;size=89	ON545935|Gadus_morhua	96.250	80	80
U10;size=89	MZ169750|Arctogadus_glacialis	96.250	80	80
U10;size=89	MZ169751|Arctogadus_glacialis	96.250	80	80
U10;size=89	MW435025|Arctogadus_glacialis	96.250	80	80
U10;size=89	MW435087|Arctogadus_glacialis	96.250	80	80
U10;size=89	MW435088|Arctogadus_glacialis	96.250	80	80
U10;size=89	MW435090|Arctogadus_glacialis	96.250	80	80
U10;size=89	MW435091|Arctogadus_glacialis	96.250	80	80
U10;size=89	MW435092|Arctogadus_glacialis	96.250	80	80
U10;size=89	MW435094|Arctogadus_glacialis	96.250	80	80
U10;size=89	MW435095|Arctogadus_glacialis	96.250	80	80
U10;size=89	MW435096|Arctogadus_glacialis	96.250	80	80
U10;size=89	MW435098|Arctogadus_glacialis	96.250	80	80
U10;size=89	MW435099|Arctogadus_glacialis	96.250	80	80
U13;size=82	MW831011|Gadus_morhua	98.750	80	80
U13;size=82	ON545931|Gadus_morhua	98.750	80	80
U13;size=82	ON545937|Gadus_morhua	98.750	80	80
U13;size=82	ON545938|Gadus_morhua	98.750	80	80
U13;size=82	ON545957|Gadus_morhua	98.750	80	80
U13;size=82	ON545965|Gadus_morhua	98.750	80	80
U13;size=82	MZ407824|Gadus_morhua	98.750	80	80
U13;size=82	MZ407825|Gadus_morhua	98.750	80	80
U13;size=82	PP087981|Gadus_morhua	98.750	80	80
U13;size=82	PP087982|Gadus_morhua	98.750	80	80
U13;size=82	PP087983|Gadus_morhua	98.750	80	80
U13;size=82	PQ034651|Gadus_morhua	98.750	80	80
U13;size=82	PQ034652|Gadus_morhua	98.750	80	80
U13;size=82	PQ034653|Gadus_morhua	98.750	80	80
U13;size=82	PV541600|Gadus_morhua	98.750	80	80
U13;size=82	PZ676065|Gadus_morhua	98.750	80	80
U13;size=82	MZ097918|Gadus_chalcogrammus	98.750	80	80
U13;size=82	MZ097919|Gadus_chalcogrammus	98.750	80	80
U13;size=82	MZ097920|Gadus_chalcogrammus	98.750	80	80
U13;size=82	MZ097921|Gadus_chalcogrammus	98.750	80	80
U13;size=82	MZ097922|Gadus_chalcogrammus	98.750	80	80
U13;size=82	MZ097923|Gadus_chalcogrammus	98.750	80	80
U13;size=82	MZ097924|Gadus_chalcogrammus	98.750	80	80
U13;size=82	MZ097925|Gadus_chalcogrammus	98.750	80	80
U13;size=82	MZ097926|Gadus_chalcogrammus	98.750	80	80
U13;size=82	MZ407786|Gadus_chalcogrammus	98.750	80	80
U13;size=82	MW435038|Gadus_chalcogrammus	98.750	80	80
U13;size=82	MW435064|Gadus_chalcogrammus	98.750	80	80
U13;size=82	MW435065|Gadus_chalcogrammus	98.750	80	80
U13;size=82	MW435131|Gadus_chalcogrammus	98.750	80	80
U13;size=82	OQ442221|Gadus_chalcogrammus	98.750	80	80
U13;size=82	OQ932941|Gadus_chalcogrammus	98.750	80	80
U13;size=82	PV541582|Gadus_chalcogrammus	98.750	80	80
U13;size=82	PV541586|Gadus_chalcogrammus	98.750	80	80
U13;size=82	PV541612|Gadus_chalcogrammus	98.750	80	80
U13;size=82	PX398564|Gadus_chalcogrammus	98.750	80	80
U13;size=82	ON545935|Gadus_morhua	97.500	80	80
U13;size=82	MZ169750|Arctogadus_glacialis	97.500	80	80
U13;size=82	MZ169751|Arctogadus_glacialis	97.500	80	80
U13;size=82	MW435025|Arctogadus_glacialis	97.500	80	80
U13;size=82	MW435087|Arctogadus_glacialis	97.500	80	80
U13;size=82	MW435088|Arctogadus_glacialis	97.500	80	80
U13;size=82	MW435090|Arctogadus_glacialis	97.500	80	80
U13;size=82	MW435091|Arctogadus_glacialis	97.500	80	80
U13;size=82	MW435092|Arctogadus_glacialis	97.500	80	80
U13;size=82	MW435094|Arctogadus_glacialis	97.500	80	80
U13;size=82	MW435095|Arctogadus_glacialis	97.500	80	80
U13;size=82	MW435096|Arctogadus_glacialis	97.500	80	80
U13;size=82	MW435098|Arctogadus_glacialis	97.500	80	80
U13;size=82	MW435099|Arctogadus_glacialis	97.500	80	80
U12;size=75	MW831011|Gadus_morhua	98.649	74	80
U12;size=75	ON545931|Gadus_morhua	98.649	74	80
U12;size=75	ON545937|Gadus_morhua	98.649	74	80
U12;size=75	ON545938|Gadus_morhua	98.649	74	80
U12;size=75	ON545957|Gadus_morhua	98.649	74	80
U12;size=75	ON545965|Gadus_morhua	98.649	74	80
U12;size=75	MZ407824|Gadus_morhua	98.649	74	80
U12;size=75	MZ407825|Gadus_morhua	98.649	74	80
U12;size=75	PP087981|Gadus_morhua	98.649	74	80
U12;size=75	PP087982|Gadus_morhua	98.649	74	80
U12;size=75	PP087983|Gadus_morhua	98.649	74	80
U12;size=75	PQ034651|Gadus_morhua	98.649	74	80
U12;size=75	PQ034652|Gadus_morhua	98.649	74	80
U12;size=75	PQ034653|Gadus_morhua	98.649	74	80
U12;size=75	PV541600|Gadus_morhua	98.649	74	80
U12;size=75	PZ676065|Gadus_morhua	98.649	74	80
U12;size=75	MZ097918|Gadus_chalcogrammus	98.649	74	80
U12;size=75	MZ097919|Gadus_chalcogrammus	98.649	74	80
U12;size=75	MZ097920|Gadus_chalcogrammus	98.649	74	80
U12;size=75	MZ097921|Gadus_chalcogrammus	98.649	74	80
U12;size=75	MZ097922|Gadus_chalcogrammus	98.649	74	80
U12;size=75	MZ097923|Gadus_chalcogrammus	98.649	74	80
U12;size=75	MZ097924|Gadus_chalcogrammus	98.649	74	80
U12;size=75	MZ097925|Gadus_chalcogrammus	98.649	74	80
U12;size=75	MZ097926|Gadus_chalcogrammus	98.649	74	80
U12;size=75	MZ407786|Gadus_chalcogrammus	98.649	74	80
U12;size=75	MW435038|Gadus_chalcogrammus	98.649	74	80
U12;size=75	MW435064|Gadus_chalcogrammus	98.649	74	80
U12;size=75	MW435065|Gadus_chalcogrammus	98.649	74	80
U12;size=75	MW435131|Gadus_chalcogrammus	98.649	74	80
U12;size=75	OQ442221|Gadus_chalcogrammus	98.649	74	80
U12;size=75	OQ932941|Gadus_chalcogrammus	98.649	74	80
U12;size=75	PV541582|Gadus_chalcogrammus	98.649	74	80
U12;size=75	PV541586|Gadus_chalcogrammus	98.649	74	80
U12;size=75	PV541612|Gadus_chalcogrammus	98.649	74	80
U12;size=75	PX398564|Gadus_chalcogrammus	98.649	74	80
U12;size=75	ON545935|Gadus_morhua	97.297	74	80
U12;size=75	MZ169750|Arctogadus_glacialis	97.297	74	80
U12;size=75	MZ169751|Arctogadus_glacialis	97.297	74	80
U12;size=75	MW435025|Arctogadus_glacialis	97.297	74	80
U12;size=75	MW435087|Arctogadus_glacialis	97.297	74	80
U12;size=75	MW435088|Arctogadus_glacialis	97.297	74	80
U12;size=75	MW435090|Arctogadus_glacialis	97.297	74	80
U12;size=75	MW435091|Arctogadus_glacialis	97.297	74	80
U12;size=75	MW435092|Arctogadus_glacialis	97.297	74	80
U12;size=75	MW435094|Arctogadus_glacialis	97.297	74	80
U12;size=75	MW435095|Arctogadus_glacialis	97.297	74	80
U12;size=75	MW435096|Arctogadus_glacialis	97.297	74	80
U12;size=75	MW435098|Arctogadus_glacialis	97.297	74	80
U12;size=75	MW435099|Arctogadus_glacialis	97.297	74	80
U17;size=67	MW831011|Gadus_morhua	98.750	80	80
U17;size=67	ON545931|Gadus_morhua	98.750	80	80
U17;size=67	ON545937|Gadus_morhua	98.750	80	80
U17;size=67	ON545938|Gadus_morhua	98.750	80	80
U17;size=67	ON545957|Gadus_morhua	98.750	80	80
U17;size=67	ON545965|Gadus_morhua	98.750	80	80
U17;size=67	MZ407824|Gadus_morhua	98.750	80	80
U17;size=67	MZ407825|Gadus_morhua	98.750	80	80
U17;size=67	PP087981|Gadus_morhua	98.750	80	80
U17;size=67	PP087982|Gadus_morhua	98.750	80	80
U17;size=67	PP087983|Gadus_morhua	98.750	80	80
U17;size=67	PQ034651|Gadus_morhua	98.750	80	80
U17;size=67	PQ034652|Gadus_morhua	98.750	80	80
U17;size=67	PQ034653|Gadus_morhua	98.750	80	80
U17;size=67	PV541600|Gadus_morhua	98.750	80	80
U17;size=67	PZ676065|Gadus_morhua	98.750	80	80
U17;size=67	MZ097918|Gadus_chalcogrammus	98.750	80	80
U17;size=67	MZ097919|Gadus_chalcogrammus	98.750	80	80
U17;size=67	MZ097920|Gadus_chalcogrammus	98.750	80	80
U17;size=67	MZ097921|Gadus_chalcogrammus	98.750	80	80
U17;size=67	MZ097922|Gadus_chalcogrammus	98.750	80	80
U17;size=67	MZ097923|Gadus_chalcogrammus	98.750	80	80
U17;size=67	MZ097924|Gadus_chalcogrammus	98.750	80	80
U17;size=67	MZ097925|Gadus_chalcogrammus	98.750	80	80
U17;size=67	MZ097926|Gadus_chalcogrammus	98.750	80	80
U17;size=67	MZ407786|Gadus_chalcogrammus	98.750	80	80
U17;size=67	MW435038|Gadus_chalcogrammus	98.750	80	80
U17;size=67	MW435064|Gadus_chalcogrammus	98.750	80	80
U17;size=67	MW435065|Gadus_chalcogrammus	98.750	80	80
U17;size=67	MW435131|Gadus_chalcogrammus	98.750	80	80
U17;size=67	OQ442221|Gadus_chalcogrammus	98.750	80	80
U17;size=67	OQ932941|Gadus_chalcogrammus	98.750	80	80
U17;size=67	PV541582|Gadus_chalcogrammus	98.750	80	80
U17;size=67	PV541586|Gadus_chalcogrammus	98.750	80	80
U17;size=67	PV541612|Gadus_chalcogrammus	98.750	80	80
U17;size=67	PX398564|Gadus_chalcogrammus	98.750	80	80
U17;size=67	ON545935|Gadus_morhua	97.500	80	80
U17;size=67	MZ169750|Arctogadus_glacialis	97.500	80	80
U17;size=67	MZ169751|Arctogadus_glacialis	97.500	80	80
U17;size=67	MW435025|Arctogadus_glacialis	97.500	80	80
U17;size=67	MW435087|Arctogadus_glacialis	97.500	80	80
U17;size=67	MW435088|Arctogadus_glacialis	97.500	80	80
U17;size=67	MW435090|Arctogadus_glacialis	97.500	80	80
U17;size=67	MW435091|Arctogadus_glacialis	97.500	80	80
U17;size=67	MW435092|Arctogadus_glacialis	97.500	80	80
U17;size=67	MW435094|Arctogadus_glacialis	97.500	80	80
U17;size=67	MW435095|Arctogadus_glacialis	97.500	80	80
U17;size=67	MW435096|Arctogadus_glacialis	97.500	80	80
U17;size=67	MW435098|Arctogadus_glacialis	97.500	80	80
U17;size=67	MW435099|Arctogadus_glacialis	97.500	80	80
U18;size=62	LC146692|Pollachius_virens	97.143	70	80
U18;size=62	ON545935|Gadus_morhua	98.438	64	80
U18;size=62	ON545937|Gadus_morhua	98.438	64	80
U18;size=62	ON545957|Gadus_morhua	98.438	64	80
U18;size=62	OR290809|Merluccius_gayi	92.308	78	80
U18;size=62	OR290814|Merluccius_gayi	92.308	78	80
U18;size=62	OQ932941|Gadus_chalcogrammus	96.923	65	80
U18;size=62	MK241678|Pollachius_virens	96.875	64	80
U18;size=62	MK241680|Pollachius_virens	96.875	64	80
U18;size=62	OR290803|Merluccius_gayi	94.286	70	80
U18;size=62	PP087981|Gadus_morhua	100.000	56	80
U18;size=62	PP087982|Gadus_morhua	100.000	56	80
U18;size=62	PP087983|Gadus_morhua	100.000	56	80
U18;size=62	ON545931|Gadus_morhua	100.000	55	80
U18;size=62	ON545933|Gadus_morhua	100.000	55	80
U18;size=62	ON545938|Gadus_morhua	100.000	55	80
U18;size=62	MW435025|Arctogadus_glacialis	100.000	53	80
U18;size=62	MW435087|Arctogadus_glacialis	100.000	53	80
U18;size=62	MW435088|Arctogadus_glacialis	100.000	53	80
U18;size=62	MW435090|Arctogadus_glacialis	100.000	53	80
U18;size=62	MW435091|Arctogadus_glacialis	100.000	53	80
U18;size=62	MW435092|Arctogadus_glacialis	100.000	53	80
U18;size=62	MW435093|Arctogadus_glacialis	100.000	53	80
U18;size=62	MW435094|Arctogadus_glacialis	100.000	53	80
U18;size=62	MW435095|Arctogadus_glacialis	100.000	53	80
U18;size=62	MW435096|Arctogadus_glacialis	100.000	53	80
U18;size=62	MW435098|Arctogadus_glacialis	100.000	53	80
U18;size=62	MW435099|Arctogadus_glacialis	100.000	53	80
U18;size=62	MW435100|Arctogadus_glacialis	100.000	53	80
U18;size=62	MW435103|Arctogadus_glacialis	100.000	53	80
U18;size=62	MW435104|Arctogadus_glacialis	100.000	53	80
U18;size=62	MW435139|Arctogadus_glacialis	100.000	53	80
U18;size=62	MW435147|Arctogadus_glacialis	100.000	53	80
U18;size=62	PV496041|Arctogadus_glacialis	100.000	53	80
U18;size=62	MZ097918|Gadus_chalcogrammus	98.214	56	80
U18;size=62	MZ097919|Gadus_chalcogrammus	98.214	56	80
U18;size=62	MZ097920|Gadus_chalcogrammus	98.214	56	80
U18;size=62	MZ097921|Gadus_chalcogrammus	98.214	56	80
U18;size=62	MZ097922|Gadus_chalcogrammus	98.214	56	80
U18;size=62	MZ097923|Gadus_chalcogrammus	98.214	56	80
U18;size=62	MZ097924|Gadus_chalcogrammus	98.214	56	80
U18;size=62	MZ097925|Gadus_chalcogrammus	98.214	56	80
U18;size=62	MZ097926|Gadus_chalcogrammus	98.214	56	80
U18;size=62	MW435038|Gadus_chalcogrammus	100.000	53	80
U18;size=62	MW435064|Gadus_chalcogrammus	100.000	53	80
U18;size=62	MW435131|Gadus_chalcogrammus	100.000	53	80
U18;size=62	PX398564|Gadus_chalcogrammus	100.000	53	80
U18;size=62	OR290806|Merluccius_gayi	96.552	58	80
U18;size=62	OR290808|Merluccius_gayi	95.082	61	80
U18;size=62	KX119494|Pollachius_virens	98.113	53	80
U19;size=56	MW831011|Gadus_morhua	98.701	77	80
U19;size=56	ON545931|Gadus_morhua	98.701	77	80
U19;size=56	ON545937|Gadus_morhua	98.701	77	80
U19;size=56	ON545938|Gadus_morhua	98.701	77	80
U19;size=56	ON545957|Gadus_morhua	98.701	77	80
U19;size=56	ON545965|Gadus_morhua	98.701	77	80
U19;size=56	MZ407824|Gadus_morhua	98.701	77	80
U19;size=56	MZ407825|Gadus_morhua	98.701	77	80
U19;size=56	PP087981|Gadus_morhua	98.701	77	80
U19;size=56	PP087982|Gadus_morhua	98.701	77	80
U19;size=56	PP087983|Gadus_morhua	98.701	77	80
U19;size=56	PQ034651|Gadus_morhua	98.701	77	80
U19;size=56	PQ034652|Gadus_morhua	98.701	77	80
U19;size=56	PQ034653|Gadus_morhua	98.701	77	80
U19;size=56	PV541600|Gadus_morhua	98.701	77	80
U19;size=56	PZ676065|Gadus_morhua	98.701	77	80
U19;size=56	MZ097918|Gadus_chalcogrammus	98.701	77	80
U19;size=56	MZ097919|Gadus_chalcogrammus	98.701	77	80
U19;size=56	MZ097920|Gadus_chalcogrammus	98.701	77	80
U19;size=56	MZ097921|Gadus_chalcogrammus	98.701	77	80
U19;size=56	MZ097922|Gadus_chalcogrammus	98.701	77	80
U19;size=56	MZ097923|Gadus_chalcogrammus	98.701	77	80
U19;size=56	MZ097924|Gadus_chalcogrammus	98.701	77	80
U19;size=56	MZ097925|Gadus_chalcogrammus	98.701	77	80
U19;size=56	MZ097926|Gadus_chalcogrammus	98.701	77	80
U19;size=56	MZ407786|Gadus_chalcogrammus	98.701	77	80
U19;size=56	MW435038|Gadus_chalcogrammus	98.701	77	80
U19;size=56	MW435064|Gadus_chalcogrammus	98.701	77	80
U19;size=56	MW435065|Gadus_chalcogrammus	98.701	77	80
U19;size=56	MW435131|Gadus_chalcogrammus	98.701	77	80
U19;size=56	OQ442221|Gadus_chalcogrammus	98.701	77	80
U19;size=56	OQ932941|Gadus_chalcogrammus	98.701	77	80
U19;size=56	PV541582|Gadus_chalcogrammus	98.701	77	80
U19;size=56	PV541586|Gadus_chalcogrammus	98.701	77	80
U19;size=56	PV541612|Gadus_chalcogrammus	98.701	77	80
U19;size=56	PX398564|Gadus_chalcogrammus	98.701	77	80
U19;size=56	ON545935|Gadus_morhua	97.403	77	80
U19;size=56	MZ169750|Arctogadus_glacialis	97.403	77	80
U19;size=56	MZ169751|Arctogadus_glacialis	97.403	77	80
U19;size=56	MW435025|Arctogadus_glacialis	97.403	77	80
U19;size=56	MW435087|Arctogadus_glacialis	97.403	77	80
U19;size=56	MW435088|Arctogadus_glacialis	97.403	77	80
U19;size=56	MW435090|Arctogadus_glacialis	97.403	77	80
U19;size=56	MW435091|Arctogadus_glacialis	97.403	77	80
U19;size=56	MW435092|Arctogadus_glacialis	97.403	77	80
U19;size=56	MW435094|Arctogadus_glacialis	97.403	77	80
U19;size=56	MW435095|Arctogadus_glacialis	97.403	77	80
U19;size=56	MW435096|Arctogadus_glacialis	97.403	77	80
U19;size=56	MW435098|Arctogadus_glacialis	97.403	77	80
U19;size=56	MW435099|Arctogadus_glacialis	97.403	77	80
U23;size=56	MW831011|Gadus_morhua	100.000	74	80
U23;size=56	ON545931|Gadus_morhua	100.000	74	80
U23;size=56	ON545937|Gadus_morhua	100.000	74	80
U23;size=56	ON545938|Gadus_morhua	100.000	74	80
U23;size=56	ON545957|Gadus_morhua	100.000	74	80
U23;size=56	ON545965|Gadus_morhua	100.000	74	80
U23;size=56	MZ407824|Gadus_morhua	100.000	74	80
U23;size=56	MZ407825|Gadus_morhua	100.000	74	80
U23;size=56	PP087981|Gadus_morhua	100.000	74	80
U23;size=56	PP087982|Gadus_morhua	100.000	74	80
U23;size=56	PP087983|Gadus_morhua	100.000	74	80
U23;size=56	PQ034651|Gadus_morhua	100.000	74	80
U23;size=56	PQ034652|Gadus_morhua	100.000	74	80
U23;size=56	PQ034653|Gadus_morhua	100.000	74	80
U23;size=56	PV541600|Gadus_morhua	100.000	74	80
U23;size=56	PZ676065|Gadus_morhua	100.000	74	80
U23;size=56	MZ097918|Gadus_chalcogrammus	100.000	74	80
U23;size=56	MZ097919|Gadus_chalcogrammus	100.000	74	80
U23;size=56	MZ097920|Gadus_chalcogrammus	100.000	74	80
U23;size=56	MZ097921|Gadus_chalcogrammus	100.000	74	80
U23;size=56	MZ097922|Gadus_chalcogrammus	100.000	74	80
U23;size=56	MZ097923|Gadus_chalcogrammus	100.000	74	80
U23;size=56	MZ097924|Gadus_chalcogrammus	100.000	74	80
U23;size=56	MZ097925|Gadus_chalcogrammus	100.000	74	80
U23;size=56	MZ097926|Gadus_chalcogrammus	100.000	74	80
U23;size=56	MZ407786|Gadus_chalcogrammus	100.000	74	80
U23;size=56	MW435038|Gadus_chalcogrammus	100.000	74	80
U23;size=56	MW435064|Gadus_chalcogrammus	100.000	74	80
U23;size=56	MW435065|Gadus_chalcogrammus	100.000	74	80
U23;size=56	MW435131|Gadus_chalcogrammus	100.000	74	80
U23;size=56	OQ442221|Gadus_chalcogrammus	100.000	74	80
U23;size=56	OQ932941|Gadus_chalcogrammus	100.000	74	80
U23;size=56	PV541582|Gadus_chalcogrammus	100.000	74	80
U23;size=56	PV541586|Gadus_chalcogrammus	100.000	74	80
U23;size=56	PV541612|Gadus_chalcogrammus	100.000	74	80
U23;size=56	PX398564|Gadus_chalcogrammus	100.000	74	80
U23;size=56	ON545935|Gadus_morhua	98.649	74	80
U23;size=56	MZ169750|Arctogadus_glacialis	98.649	74	80
U23;size=56	MZ169751|Arctogadus_glacialis	98.649	74	80
U23;size=56	MW435025|Arctogadus_glacialis	98.649	74	80
U23;size=56	MW435087|Arctogadus_glacialis	98.649	74	80
U23;size=56	MW435088|Arctogadus_glacialis	98.649	74	80
U23;size=56	MW435090|Arctogadus_glacialis	98.649	74	80
U23;size=56	MW435091|Arctogadus_glacialis	98.649	74	80
U23;size=56	MW435092|Arctogadus_glacialis	98.649	74	80
U23;size=56	MW435094|Arctogadus_glacialis	98.649	74	80
U23;size=56	MW435095|Arctogadus_glacialis	98.649	74	80
U23;size=56	MW435096|Arctogadus_glacialis	98.649	74	80
U23;size=56	MW435098|Arctogadus_glacialis	98.649	74	80
U23;size=56	MW435099|Arctogadus_glacialis	98.649	74	80
U20;size=52	OR290809|Merluccius_gayi	94.872	78	80
U20;size=52	OR290814|Merluccius_gayi	94.872	78	80
U20;size=52	OQ932941|Gadus_chalcogrammus	98.462	65	80
U20;size=52	LC146692|Pollachius_virens	95.714	70	80
U20;size=52	MK241678|Pollachius_virens	98.438	64	80
U20;size=52	MK241680|Pollachius_virens	98.438	64	80
U20;size=52	OR290803|Merluccius_gayi	95.714	70	80
U20;size=52	ON545935|Gadus_morhua	96.875	64	80
U20;size=52	ON545937|Gadus_morhua	96.875	64	80
U20;size=52	ON545957|Gadus_morhua	96.875	64	80
U20;size=52	PP087981|Gadus_morhua	100.000	56	80
U20;size=52	PP087982|Gadus_morhua	100.000	56	80
U20;size=52	PP087983|Gadus_morhua	100.000	56	80
U20;size=52	ON545931|Gadus_morhua	100.000	55	80
U20;size=52	ON545933|Gadus_morhua	100.000	55	80
U20;size=52	ON545938|Gadus_morhua	100.000	55	80
U20;size=52	MW435025|Arctogadus_glacialis	100.000	53	80
U20;size=52	MW435087|Arctogadus_glacialis	100.000	53	80
U20;size=52	MW435088|Arctogadus_glacialis	100.000	53	80
U20;size=52	MW435090|Arctogadus_glacialis	100.000	53	80
U20;size=52	MW435091|Arctogadus_glacialis	100.000	53	80
U20;size=52	MW435092|Arctogadus_glacialis	100.000	53	80
U20;size=52	MW435093|Arctogadus_glacialis	100.000	53	80
U20;size=52	MW435094|Arctogadus_glacialis	100.000	53	80
U20;size=52	MW435095|Arctogadus_glacialis	100.000	53	80
U20;size=52	MW435096|Arctogadus_glacialis	100.000	53	80
U20;size=52	MW435098|Arctogadus_glacialis	100.000	53	80
U20;size=52	MW435099|Arctogadus_glacialis	100.000	53	80
U20;size=52	MW435100|Arctogadus_glacialis	100.000	53	80
U20;size=52	MW435103|Arctogadus_glacialis	100.000	53	80
U20;size=52	MW435104|Arctogadus_glacialis	100.000	53	80
U20;size=52	MW435139|Arctogadus_glacialis	100.000	53	80
U20;size=52	MW435147|Arctogadus_glacialis	100.000	53	80
U20;size=52	PV496041|Arctogadus_glacialis	100.000	53	80
U20;size=52	MZ097918|Gadus_chalcogrammus	98.214	56	80
U20;size=52	MZ097919|Gadus_chalcogrammus	98.214	56	80
U20;size=52	MZ097920|Gadus_chalcogrammus	98.214	56	80
U20;size=52	MZ097921|Gadus_chalcogrammus	98.214	56	80
U20;size=52	MZ097922|Gadus_chalcogrammus	98.214	56	80
U20;size=52	MZ097923|Gadus_chalcogrammus	98.214	56	80
U20;size=52	MZ097924|Gadus_chalcogrammus	98.214	56	80
U20;size=52	MZ097925|Gadus_chalcogrammus	98.214	56	80
U20;size=52	MZ097926|Gadus_chalcogrammus	98.214	56	80
U20;size=52	MW435038|Gadus_chalcogrammus	100.000	53	80
U20;size=52	MW435064|Gadus_chalcogrammus	100.000	53	80
U20;size=52	MW435131|Gadus_chalcogrammus	100.000	53	80
U20;size=52	PX398564|Gadus_chalcogrammus	100.000	53	80
U20;size=52	OR290806|Merluccius_gayi	96.552	58	80
U20;size=52	KX119494|Pollachius_virens	98.113	53	80
U20;size=52	KX119495|Pollachius_virens	98.113	53	80
U26;size=43	LC146692|Pollachius_virens	98.571	70	80
U26;size=43	ON545935|Gadus_morhua	98.438	64	80
U26;size=43	ON545937|Gadus_morhua	98.438	64	80
U26;size=43	ON545957|Gadus_morhua	98.438	64	80
U26;size=43	OR290809|Merluccius_gayi	92.308	78	80
U26;size=43	OR290814|Merluccius_gayi	92.308	78	80
U26;size=43	OQ932941|Gadus_chalcogrammus	96.923	65	80
U26;size=43	MK241678|Pollachius_virens	96.875	64	80
U26;size=43	MK241680|Pollachius_virens	96.875	64	80
U26;size=43	PP087981|Gadus_morhua	100.000	56	80
U26;size=43	PP087982|Gadus_morhua	100.000	56	80
U26;size=43	PP087983|Gadus_morhua	100.000	56	80
U26;size=43	OR290803|Merluccius_gayi	92.857	70	80
U26;size=43	ON545931|Gadus_morhua	100.000	55	80
U26;size=43	ON545933|Gadus_morhua	100.000	55	80
U26;size=43	ON545938|Gadus_morhua	100.000	55	80
U26;size=43	MW435025|Arctogadus_glacialis	100.000	53	80
U26;size=43	MW435087|Arctogadus_glacialis	100.000	53	80
U26;size=43	MW435088|Arctogadus_glacialis	100.000	53	80
U26;size=43	MW435090|Arctogadus_glacialis	100.000	53	80
U26;size=43	MW435091|Arctogadus_glacialis	100.000	53	80
U26;size=43	MW435092|Arctogadus_glacialis	100.000	53	80
U26;size=43	MW435093|Arctogadus_glacialis	100.000	53	80
U26;size=43	MW435094|Arctogadus_glacialis	100.000	53	80
U26;size=43	MW435095|Arctogadus_glacialis	100.000	53	80
U26;size=43	MW435096|Arctogadus_glacialis	100.000	53	80
U26;size=43	MW435098|Arctogadus_glacialis	100.000	53	80
U26;size=43	MW435099|Arctogadus_glacialis	100.000	53	80
U26;size=43	MW435100|Arctogadus_glacialis	100.000	53	80
U26;size=43	MW435103|Arctogadus_glacialis	100.000	53	80
U26;size=43	MW435104|Arctogadus_glacialis	100.000	53	80
U26;size=43	MW435139|Arctogadus_glacialis	100.000	53	80
U26;size=43	MW435147|Arctogadus_glacialis	100.000	53	80
U26;size=43	PV496041|Arctogadus_glacialis	100.000	53	80
U26;size=43	MZ097918|Gadus_chalcogrammus	98.214	56	80
U26;size=43	MZ097919|Gadus_chalcogrammus	98.214	56	80
U26;size=43	MZ097920|Gadus_chalcogrammus	98.214	56	80
U26;size=43	MZ097921|Gadus_chalcogrammus	98.214	56	80
U26;size=43	MZ097922|Gadus_chalcogrammus	98.214	56	80
U26;size=43	MZ097923|Gadus_chalcogrammus	98.214	56	80
U26;size=43	MZ097924|Gadus_chalcogrammus	98.214	56	80
U26;size=43	MZ097925|Gadus_chalcogrammus	98.214	56	80
U26;size=43	MZ097926|Gadus_chalcogrammus	98.214	56	80
U26;size=43	MW435038|Gadus_chalcogrammus	100.000	53	80
U26;size=43	MW435064|Gadus_chalcogrammus	100.000	53	80
U26;size=43	MW435131|Gadus_chalcogrammus	100.000	53	80
U26;size=43	PX398564|Gadus_chalcogrammus	100.000	53	80
U26;size=43	OR290806|Merluccius_gayi	96.552	58	80
U26;size=43	OR290808|Merluccius_gayi	95.082	61	80
U26;size=43	KX119494|Pollachius_virens	98.113	53	80
U27;size=41	MW831011|Gadus_morhua	97.500	80	80
U27;size=41	ON545931|Gadus_morhua	97.500	80	80
U27;size=41	ON545937|Gadus_morhua	97.500	80	80
U27;size=41	ON545938|Gadus_morhua	97.500	80	80
U27;size=41	ON545957|Gadus_morhua	97.500	80	80
U27;size=41	ON545965|Gadus_morhua	97.500	80	80
U27;size=41	MZ407824|Gadus_morhua	97.500	80	80
U27;size=41	MZ407825|Gadus_morhua	97.500	80	80
U27;size=41	PP087981|Gadus_morhua	97.500	80	80
U27;size=41	PP087982|Gadus_morhua	97.500	80	80
U27;size=41	PP087983|Gadus_morhua	97.500	80	80
U27;size=41	PQ034651|Gadus_morhua	97.500	80	80
U27;size=41	PQ034652|Gadus_morhua	97.500	80	80
U27;size=41	PQ034653|Gadus_morhua	97.500	80	80
U27;size=41	PV541600|Gadus_morhua	97.500	80	80
U27;size=41	PZ676065|Gadus_morhua	97.500	80	80
U27;size=41	MZ097918|Gadus_chalcogrammus	97.500	80	80
U27;size=41	MZ097919|Gadus_chalcogrammus	97.500	80	80
U27;size=41	MZ097920|Gadus_chalcogrammus	97.500	80	80
U27;size=41	MZ097921|Gadus_chalcogrammus	97.500	80	80
U27;size=41	MZ097922|Gadus_chalcogrammus	97.500	80	80
U27;size=41	MZ097923|Gadus_chalcogrammus	97.500	80	80
U27;size=41	MZ097924|Gadus_chalcogrammus	97.500	80	80
U27;size=41	MZ097925|Gadus_chalcogrammus	97.500	80	80
U27;size=41	MZ097926|Gadus_chalcogrammus	97.500	80	80
U27;size=41	MZ407786|Gadus_chalcogrammus	97.500	80	80
U27;size=41	MW435038|Gadus_chalcogrammus	97.500	80	80
U27;size=41	MW435064|Gadus_chalcogrammus	97.500	80	80
U27;size=41	MW435065|Gadus_chalcogrammus	97.500	80	80
U27;size=41	MW435131|Gadus_chalcogrammus	97.500	80	80
U27;size=41	OQ442221|Gadus_chalcogrammus	97.500	80	80
U27;size=41	OQ932941|Gadus_chalcogrammus	97.500	80	80
U27;size=41	PV541582|Gadus_chalcogrammus	97.500	80	80
U27;size=41	PV541586|Gadus_chalcogrammus	97.500	80	80
U27;size=41	PV541612|Gadus_chalcogrammus	97.500	80	80
U27;size=41	PX398564|Gadus_chalcogrammus	97.500	80	80
U27;size=41	ON545935|Gadus_morhua	96.250	80	80
U27;size=41	MZ169750|Arctogadus_glacialis	96.250	80	80
U27;size=41	MZ169751|Arctogadus_glacialis	96.250	80	80
U27;size=41	MW435025|Arctogadus_glacialis	96.250	80	80
U27;size=41	MW435087|Arctogadus_glacialis	96.250	80	80
U27;size=41	MW435088|Arctogadus_glacialis	96.250	80	80
U27;size=41	MW435090|Arctogadus_glacialis	96.250	80	80
U27;size=41	MW435091|Arctogadus_glacialis	96.250	80	80
U27;size=41	MW435092|Arctogadus_glacialis	96.250	80	80
U27;size=41	MW435094|Arctogadus_glacialis	96.250	80	80
U27;size=41	MW435095|Arctogadus_glacialis	96.250	80	80
U27;size=41	MW435096|Arctogadus_glacialis	96.250	80	80
U27;size=41	MW435098|Arctogadus_glacialis	96.250	80	80
U27;size=41	MW435099|Arctogadus_glacialis	96.250	80	80
U29;size=38	MW831011|Gadus_morhua	98.649	74	80
U29;size=38	ON545931|Gadus_morhua	98.649	74	80
U29;size=38	ON545937|Gadus_morhua	98.649	74	80
U29;size=38	ON545938|Gadus_morhua	98.649	74	80
U29;size=38	ON545957|Gadus_morhua	98.649	74	80
U29;size=38	ON545965|Gadus_morhua	98.649	74	80
U29;size=38	MZ407824|Gadus_morhua	98.649	74	80
U29;size=38	MZ407825|Gadus_morhua	98.649	74	80
U29;size=38	PP087981|Gadus_morhua	98.649	74	80
U29;size=38	PP087982|Gadus_morhua	98.649	74	80
U29;size=38	PP087983|Gadus_morhua	98.649	74	80
U29;size=38	PQ034651|Gadus_morhua	98.649	74	80
U29;size=38	PQ034652|Gadus_morhua	98.649	74	80
U29;size=38	PQ034653|Gadus_morhua	98.649	74	80
U29;size=38	PV541600|Gadus_morhua	98.649	74	80
U29;size=38	PZ676065|Gadus_morhua	98.649	74	80
U29;size=38	MZ097918|Gadus_chalcogrammus	98.649	74	80
U29;size=38	MZ097919|Gadus_chalcogrammus	98.649	74	80
U29;size=38	MZ097920|Gadus_chalcogrammus	98.649	74	80
U29;size=38	MZ097921|Gadus_chalcogrammus	98.649	74	80
U29;size=38	MZ097922|Gadus_chalcogrammus	98.649	74	80
U29;size=38	MZ097923|Gadus_chalcogrammus	98.649	74	80
U29;size=38	MZ097924|Gadus_chalcogrammus	98.649	74	80
U29;size=38	MZ097925|Gadus_chalcogrammus	98.649	74	80
U29;size=38	MZ097926|Gadus_chalcogrammus	98.649	74	80
U29;size=38	MZ407786|Gadus_chalcogrammus	98.649	74	80
U29;size=38	MW435038|Gadus_chalcogrammus	98.649	74	80
U29;size=38	MW435064|Gadus_chalcogrammus	98.649	74	80
U29;size=38	MW435065|Gadus_chalcogrammus	98.649	74	80
U29;size=38	MW435131|Gadus_chalcogrammus	98.649	74	80
U29;size=38	OQ442221|Gadus_chalcogrammus	98.649	74	80
U29;size=38	OQ932941|Gadus_chalcogrammus	98.649	74	80
U29;size=38	PV541582|Gadus_chalcogrammus	98.649	74	80
U29;size=38	PV541586|Gadus_chalcogrammus	98.649	74	80
U29;size=38	PV541612|Gadus_chalcogrammus	98.649	74	80
U29;size=38	PX398564|Gadus_chalcogrammus	98.649	74	80
U29;size=38	ON545935|Gadus_morhua	97.297	74	80
U29;size=38	MZ169750|Arctogadus_glacialis	97.297	74	80
U29;size=38	MZ169751|Arctogadus_glacialis	97.297	74	80
U29;size=38	MW435025|Arctogadus_glacialis	97.297	74	80
U29;size=38	MW435087|Arctogadus_glacialis	97.297	74	80
U29;size=38	MW435088|Arctogadus_glacialis	97.297	74	80
U29;size=38	MW435090|Arctogadus_glacialis	97.297	74	80
U29;size=38	MW435091|Arctogadus_glacialis	97.297	74	80
U29;size=38	MW435092|Arctogadus_glacialis	97.297	74	80
U29;size=38	MW435094|Arctogadus_glacialis	97.297	74	80
U29;size=38	MW435095|Arctogadus_glacialis	97.297	74	80
U29;size=38	MW435096|Arctogadus_glacialis	97.297	74	80
U29;size=38	MW435098|Arctogadus_glacialis	97.297	74	80
U29;size=38	MW435099|Arctogadus_glacialis	97.297	74	80
U31;size=37	MZ169750|Arctogadus_glacialis	100.000	32	32
U31;size=37	MZ169751|Arctogadus_glacialis	100.000	32	32
U31;size=37	MW435025|Arctogadus_glacialis	100.000	32	32
U31;size=37	MW435087|Arctogadus_glacialis	100.000	32	32
U31;size=37	MW435088|Arctogadus_glacialis	100.000	32	32
U31;size=37	MW435090|Arctogadus_glacialis	100.000	32	32
U31;size=37	MW435091|Arctogadus_glacialis	100.000	32	32
U31;size=37	MW435092|Arctogadus_glacialis	100.000	32	32
U31;size=37	MW435093|Arctogadus_glacialis	100.000	32	32
U31;size=37	MW435094|Arctogadus_glacialis	100.000	32	32
U31;size=37	MW435095|Arctogadus_glacialis	100.000	32	32
U31;size=37	MW435096|Arctogadus_glacialis	100.000	32	32
U31;size=37	MW435098|Arctogadus_glacialis	100.000	32	32
U31;size=37	MW435099|Arctogadus_glacialis	100.000	32	32
U31;size=37	MW435100|Arctogadus_glacialis	100.000	32	32
U31;size=37	MW435103|Arctogadus_glacialis	100.000	32	32
U31;size=37	MW435104|Arctogadus_glacialis	100.000	32	32
U31;size=37	MW435139|Arctogadus_glacialis	100.000	32	32
U31;size=37	MW435147|Arctogadus_glacialis	100.000	32	32
U31;size=37	PV496041|Arctogadus_glacialis	100.000	32	32
U31;size=37	KX119494|Pollachius_virens	100.000	32	32
U31;size=37	KX119495|Pollachius_virens	100.000	32	32
U31;size=37	MG204955|Pollachius_virens	100.000	32	32
U31;size=37	MG204990|Pollachius_virens	100.000	32	32
U31;size=37	MG205000|Pollachius_virens	100.000	32	32
U31;size=37	MG205093|Pollachius_virens	100.000	32	32
U31;size=37	MG205101|Pollachius_virens	100.000	32	32
U31;size=37	MG205116|Pollachius_virens	100.000	32	32
U31;size=37	MG205128|Pollachius_virens	100.000	32	32
U31;size=37	MG205141|Pollachius_virens	100.000	32	32
U31;size=37	LC146692|Pollachius_virens	100.000	32	32
U31;size=37	MN893170|Pollachius_virens	100.000	32	32
U31;size=37	MK241678|Pollachius_virens	100.000	32	32
U31;size=37	MK241680|Pollachius_virens	100.000	32	32
U31;size=37	MT455166|Pollachius_virens	100.000	32	32
U31;size=37	PQ034643|Pollachius_virens	100.000	32	32
U31;size=37	PQ034644|Pollachius_virens	100.000	32	32
U31;size=37	PQ034645|Pollachius_virens	100.000	32	32
U31;size=37	PV496049|Pollachius_virens	100.000	32	32
U31;size=37	PV496050|Pollachius_virens	100.000	32	32
U31;size=37	MW829365|Gadus_morhua	100.000	32	32
U31;size=37	MW831011|Gadus_morhua	100.000	32	32
U31;size=37	ON545931|Gadus_morhua	100.000	32	32
U31;size=37	ON545933|Gadus_morhua	100.000	32	32
U31;size=37	ON545935|Gadus_morhua	100.000	32	32
U31;size=37	ON545937|Gadus_morhua	100.000	32	32
U31;size=37	ON545938|Gadus_morhua	100.000	32	32
U31;size=37	ON545957|Gadus_morhua	100.000	32	32
U31;size=37	ON545965|Gadus_morhua	100.000	32	32
U31;size=37	MZ407824|Gadus_morhua	100.000	32	32
U33;size=36	MW831011|Gadus_morhua	100.000	77	80
U33;size=36	ON545931|Gadus_morhua	100.000	77	80
U33;size=36	ON545937|Gadus_morhua	100.000	77	80
U33;size=36	ON545938|Gadus_morhua	100.000	77	80
U33;size=36	ON545957|Gadus_morhua	100.000	77	80
U33;size=36	ON545965|Gadus_morhua	100.000	77	80
U33;size=36	MZ407824|Gadus_morhua	100.000	77	80
U33;size=36	MZ407825|Gadus_morhua	100.000	77	80
U33;size=36	PP087981|Gadus_morhua	100.000	77	80
U33;size=36	PP087982|Gadus_morhua	100.000	77	80
U33;size=36	PP087983|Gadus_morhua	100.000	77	80
U33;size=36	PQ034651|Gadus_morhua	100.000	77	80
U33;size=36	PQ034652|Gadus_morhua	100.000	77	80
U33;size=36	PQ034653|Gadus_morhua	100.000	77	80
U33;size=36	PV541600|Gadus_morhua	100.000	77	80
U33;size=36	PZ676065|Gadus_morhua	100.000	77	80
U33;size=36	MZ097918|Gadus_chalcogrammus	100.000	77	80
U33;size=36	MZ097919|Gadus_chalcogrammus	100.000	77	80
U33;size=36	MZ097920|Gadus_chalcogrammus	100.000	77	80
U33;size=36	MZ097921|Gadus_chalcogrammus	100.000	77	80
U33;size=36	MZ097922|Gadus_chalcogrammus	100.000	77	80
U33;size=36	MZ097923|Gadus_chalcogrammus	100.000	77	80
U33;size=36	MZ097924|Gadus_chalcogrammus	100.000	77	80
U33;size=36	MZ097925|Gadus_chalcogrammus	100.000	77	80
U33;size=36	MZ097926|Gadus_chalcogrammus	100.000	77	80
U33;size=36	MZ407786|Gadus_chalcogrammus	100.000	77	80
U33;size=36	MW435038|Gadus_chalcogrammus	100.000	77	80
U33;size=36	MW435064|Gadus_chalcogrammus	100.000	77	80
U33;size=36	MW435065|Gadus_chalcogrammus	100.000	77	80
U33;size=36	MW435131|Gadus_chalcogrammus	100.000	77	80
U33;size=36	OQ442221|Gadus_chalcogrammus	100.000	77	80
U33;size=36	OQ932941|Gadus_chalcogrammus	100.000	77	80
U33;size=36	PV541582|Gadus_chalcogrammus	100.000	77	80
U33;size=36	PV541586|Gadus_chalcogrammus	100.000	77	80
U33;size=36	PV541612|Gadus_chalcogrammus	100.000	77	80
U33;size=36	PX398564|Gadus_chalcogrammus	100.000	77	80
U33;size=36	ON545935|Gadus_morhua	98.701	77	80
U33;size=36	MZ169750|Arctogadus_glacialis	98.701	77	80
U33;size=36	MZ169751|Arctogadus_glacialis	98.701	77	80
U33;size=36	MW435025|Arctogadus_glacialis	98.701	77	80
U33;size=36	MW435087|Arctogadus_glacialis	98.701	77	80
U33;size=36	MW435088|Arctogadus_glacialis	98.701	77	80
U33;size=36	MW435090|Arctogadus_glacialis	98.701	77	80
U33;size=36	MW435091|Arctogadus_glacialis	98.701	77	80
U33;size=36	MW435092|Arctogadus_glacialis	98.701	77	80
U33;size=36	MW435094|Arctogadus_glacialis	98.701	77	80
U33;size=36	MW435095|Arctogadus_glacialis	98.701	77	80
U33;size=36	MW435096|Arctogadus_glacialis	98.701	77	80
U33;size=36	MW435098|Arctogadus_glacialis	98.701	77	80
U33;size=36	MW435099|Arctogadus_glacialis	98.701	77	80
U35;size=32	LC146692|Pollachius_virens	97.143	70	80
U35;size=32	OR290809|Merluccius_gayi	93.590	78	80
U35;size=32	OR290814|Merluccius_gayi	93.590	78	80
U35;size=32	ON545935|Gadus_morhua	98.438	64	80
U35;size=32	ON545937|Gadus_morhua	98.438	64	80
U35;size=32	ON545957|Gadus_morhua	98.438	64	80
U35;size=32	MK283725|Limanda_aspera	92.308	78	80
U35;size=32	OQ932941|Gadus_chalcogrammus	96.923	65	80
U35;size=32	MK241678|Pollachius_virens	96.875	64	80
U35;size=32	MK241680|Pollachius_virens	96.875	64	80
U35;size=32	OR290803|Merluccius_gayi	94.286	70	80
U35;size=32	PP087981|Gadus_morhua	100.000	56	80
U35;size=32	PP087982|Gadus_morhua	100.000	56	80
U35;size=32	PP087983|Gadus_morhua	100.000	56	80
U35;size=32	ON545931|Gadus_morhua	100.000	55	80
U35;size=32	ON545933|Gadus_morhua	100.000	55	80
U35;size=32	ON545938|Gadus_morhua	100.000	55	80
U35;size=32	MW435025|Arctogadus_glacialis	100.000	53	80
U35;size=32	MW435087|Arctogadus_glacialis	100.000	53	80
U35;size=32	MW435088|Arctogadus_glacialis	100.000	53	80
U35;size=32	MW435090|Arctogadus_glacialis	100.000	53	80
U35;size=32	MW435091|Arctogadus_glacialis	100.000	53	80
U35;size=32	MW435092|Arctogadus_glacialis	100.000	53	80
U35;size=32	MW435093|Arctogadus_glacialis	100.000	53	80
U35;size=32	MW435094|Arctogadus_glacialis	100.000	53	80
U35;size=32	MW435095|Arctogadus_glacialis	100.000	53	80
U35;size=32	MW435096|Arctogadus_glacialis	100.000	53	80
U35;size=32	MW435098|Arctogadus_glacialis	100.000	53	80
U35;size=32	MW435099|Arctogadus_glacialis	100.000	53	80
U35;size=32	MW435100|Arctogadus_glacialis	100.000	53	80
U35;size=32	MW435103|Arctogadus_glacialis	100.000	53	80
U35;size=32	MW435104|Arctogadus_glacialis	100.000	53	80
U35;size=32	MW435139|Arctogadus_glacialis	100.000	53	80
U35;size=32	MW435147|Arctogadus_glacialis	100.000	53	80
U35;size=32	PV496041|Arctogadus_glacialis	100.000	53	80
U35;size=32	MZ097918|Gadus_chalcogrammus	98.214	56	80
U35;size=32	MZ097919|Gadus_chalcogrammus	98.214	56	80
U35;size=32	MZ097920|Gadus_chalcogrammus	98.214	56	80
U35;size=32	MZ097921|Gadus_chalcogrammus	98.214	56	80
U35;size=32	MZ097922|Gadus_chalcogrammus	98.214	56	80
U35;size=32	MZ097923|Gadus_chalcogrammus	98.214	56	80
U35;size=32	MZ097924|Gadus_chalcogrammus	98.214	56	80
U35;size=32	MZ097925|Gadus_chalcogrammus	98.214	56	80
U35;size=32	MZ097926|Gadus_chalcogrammus	98.214	56	80
U35;size=32	MW435038|Gadus_chalcogrammus	100.000	53	80
U35;size=32	MW435064|Gadus_chalcogrammus	100.000	53	80
U35;size=32	MW435131|Gadus_chalcogrammus	100.000	53	80
U35;size=32	PX398564|Gadus_chalcogrammus	100.000	53	80
U35;size=32	OR290806|Merluccius_gayi	96.552	58	80
U35;size=32	OR290808|Merluccius_gayi	95.082	61	80
U42;size=29	MZ169750|Arctogadus_glacialis	100.000	29	32
U42;size=29	MZ169751|Arctogadus_glacialis	100.000	29	32
U42;size=29	MW435025|Arctogadus_glacialis	100.000	29	32
U42;size=29	MW435087|Arctogadus_glacialis	100.000	29	32
U42;size=29	MW435088|Arctogadus_glacialis	100.000	29	32
U42;size=29	MW435090|Arctogadus_glacialis	100.000	29	32
U42;size=29	MW435091|Arctogadus_glacialis	100.000	29	32
U42;size=29	MW435092|Arctogadus_glacialis	100.000	29	32
U42;size=29	MW435093|Arctogadus_glacialis	100.000	29	32
U42;size=29	MW435094|Arctogadus_glacialis	100.000	29	32
U42;size=29	MW435095|Arctogadus_glacialis	100.000	29	32
U42;size=29	MW435096|Arctogadus_glacialis	100.000	29	32
U42;size=29	MW435098|Arctogadus_glacialis	100.000	29	32
U42;size=29	MW435099|Arctogadus_glacialis	100.000	29	32
U42;size=29	MW435100|Arctogadus_glacialis	100.000	29	32
U42;size=29	MW435103|Arctogadus_glacialis	100.000	29	32
U42;size=29	MW435104|Arctogadus_glacialis	100.000	29	32
U42;size=29	MW435139|Arctogadus_glacialis	100.000	29	32
U42;size=29	MW435147|Arctogadus_glacialis	100.000	29	32
U42;size=29	PV496041|Arctogadus_glacialis	100.000	29	32
U42;size=29	KX119494|Pollachius_virens	100.000	29	32
U42;size=29	KX119495|Pollachius_virens	100.000	29	32
U42;size=29	MG204955|Pollachius_virens	100.000	29	32
U42;size=29	MG204990|Pollachius_virens	100.000	29	32
U42;size=29	MG205000|Pollachius_virens	100.000	29	32
U42;size=29	MG205093|Pollachius_virens	100.000	29	32
U42;size=29	MG205101|Pollachius_virens	100.000	29	32
U42;size=29	MG205116|Pollachius_virens	100.000	29	32
U42;size=29	MG205128|Pollachius_virens	100.000	29	32
U42;size=29	MG205141|Pollachius_virens	100.000	29	32
U42;size=29	LC146692|Pollachius_virens	100.000	29	32
U42;size=29	MN893170|Pollachius_virens	100.000	29	32
U42;size=29	MK241678|Pollachius_virens	100.000	29	32
U42;size=29	MK241680|Pollachius_virens	100.000	29	32
U42;size=29	MT455166|Pollachius_virens	100.000	29	32
U42;size=29	PQ034643|Pollachius_virens	100.000	29	32
U42;size=29	PQ034644|Pollachius_virens	100.000	29	32
U42;size=29	PQ034645|Pollachius_virens	100.000	29	32
U42;size=29	PV496049|Pollachius_virens	100.000	29	32
U42;size=29	PV496050|Pollachius_virens	100.000	29	32
U42;size=29	MW829365|Gadus_morhua	100.000	29	32
U42;size=29	MW831011|Gadus_morhua	100.000	29	32
U42;size=29	ON545931|Gadus_morhua	100.000	29	32
U42;size=29	ON545933|Gadus_morhua	100.000	29	32
U42;size=29	ON545935|Gadus_morhua	100.000	29	32
U42;size=29	ON545937|Gadus_morhua	100.000	29	32
U42;size=29	ON545938|Gadus_morhua	100.000	29	32
U42;size=29	ON545957|Gadus_morhua	100.000	29	32
U42;size=29	ON545965|Gadus_morhua	100.000	29	32
U42;size=29	MZ407824|Gadus_morhua	100.000	29	32
U38;size=25	MW831011|Gadus_morhua	98.750	80	80
U38;size=25	ON545931|Gadus_morhua	98.750	80	80
U38;size=25	ON545937|Gadus_morhua	98.750	80	80
U38;size=25	ON545938|Gadus_morhua	98.750	80	80
U38;size=25	ON545957|Gadus_morhua	98.750	80	80
U38;size=25	ON545965|Gadus_morhua	98.750	80	80
U38;size=25	MZ407824|Gadus_morhua	98.750	80	80
U38;size=25	MZ407825|Gadus_morhua	98.750	80	80
U38;size=25	PP087981|Gadus_morhua	98.750	80	80
U38;size=25	PP087982|Gadus_morhua	98.750	80	80
U38;size=25	PP087983|Gadus_morhua	98.750	80	80
U38;size=25	PQ034651|Gadus_morhua	98.750	80	80
U38;size=25	PQ034652|Gadus_morhua	98.750	80	80
U38;size=25	PQ034653|Gadus_morhua	98.750	80	80
U38;size=25	PV541600|Gadus_morhua	98.750	80	80
U38;size=25	PZ676065|Gadus_morhua	98.750	80	80
U38;size=25	MZ097918|Gadus_chalcogrammus	98.750	80	80
U38;size=25	MZ097919|Gadus_chalcogrammus	98.750	80	80
U38;size=25	MZ097920|Gadus_chalcogrammus	98.750	80	80
U38;size=25	MZ097921|Gadus_chalcogrammus	98.750	80	80
U38;size=25	MZ097922|Gadus_chalcogrammus	98.750	80	80
U38;size=25	MZ097923|Gadus_chalcogrammus	98.750	80	80
U38;size=25	MZ097924|Gadus_chalcogrammus	98.750	80	80
U38;size=25	MZ097925|Gadus_chalcogrammus	98.750	80	80
U38;size=25	MZ097926|Gadus_chalcogrammus	98.750	80	80
U38;size=25	MZ407786|Gadus_chalcogrammus	98.750	80	80
U38;size=25	MW435038|Gadus_chalcogrammus	98.750	80	80
U38;size=25	MW435064|Gadus_chalcogrammus	98.750	80	80
U38;size=25	MW435065|Gadus_chalcogrammus	98.750	80	80
U38;size=25	MW435131|Gadus_chalcogrammus	98.750	80	80
U38;size=25	OQ442221|Gadus_chalcogrammus	98.750	80	80
U38;size=25	OQ932941|Gadus_chalcogrammus	98.750	80	80
U38;size=25	PV541582|Gadus_chalcogrammus	98.750	80	80
U38;size=25	PV541586|Gadus_chalcogrammus	98.750	80	80
U38;size=25	PV541612|Gadus_chalcogrammus	98.750	80	80
U38;size=25	PX398564|Gadus_chalcogrammus	98.750	80	80
U38;size=25	ON545935|Gadus_morhua	97.500	80	80
U38;size=25	MZ169750|Arctogadus_glacialis	97.500	80	80
U38;size=25	MZ169751|Arctogadus_glacialis	97.500	80	80
U38;size=25	MW435025|Arctogadus_glacialis	97.500	80	80
U38;size=25	MW435087|Arctogadus_glacialis	97.500	80	80
U38;size=25	MW435088|Arctogadus_glacialis	97.500	80	80
U38;size=25	MW435090|Arctogadus_glacialis	97.500	80	80
U38;size=25	MW435091|Arctogadus_glacialis	97.500	80	80
U38;size=25	MW435092|Arctogadus_glacialis	97.500	80	80
U38;size=25	MW435094|Arctogadus_glacialis	97.500	80	80
U38;size=25	MW435095|Arctogadus_glacialis	97.500	80	80
U38;size=25	MW435096|Arctogadus_glacialis	97.500	80	80
U38;size=25	MW435098|Arctogadus_glacialis	97.500	80	80
U38;size=25	MW435099|Arctogadus_glacialis	97.500	80	80
U40;size=24	MW831011|Gadus_morhua	100.000	80	80
U40;size=24	ON545931|Gadus_morhua	100.000	80	80
U40;size=24	ON545937|Gadus_morhua	100.000	80	80
U40;size=24	ON545938|Gadus_morhua	100.000	80	80
U40;size=24	ON545957|Gadus_morhua	100.000	80	80
U40;size=24	ON545965|Gadus_morhua	100.000	80	80
U40;size=24	MZ407824|Gadus_morhua	100.000	80	80
U40;size=24	MZ407825|Gadus_morhua	100.000	80	80
U40;size=24	PP087981|Gadus_morhua	100.000	80	80
U40;size=24	PP087982|Gadus_morhua	100.000	80	80
U40;size=24	PP087983|Gadus_morhua	100.000	80	80
U40;size=24	PQ034651|Gadus_morhua	100.000	80	80
U40;size=24	PQ034652|Gadus_morhua	100.000	80	80
U40;size=24	PQ034653|Gadus_morhua	100.000	80	80
U40;size=24	PV541600|Gadus_morhua	100.000	80	80
U40;size=24	PZ676065|Gadus_morhua	100.000	80	80
U40;size=24	MZ097918|Gadus_chalcogrammus	100.000	80	80
U40;size=24	MZ097919|Gadus_chalcogrammus	100.000	80	80
U40;size=24	MZ097920|Gadus_chalcogrammus	100.000	80	80
U40;size=24	MZ097921|Gadus_chalcogrammus	100.000	80	80
U40;size=24	MZ097922|Gadus_chalcogrammus	100.000	80	80
U40;size=24	MZ097923|Gadus_chalcogrammus	100.000	80	80
U40;size=24	MZ097924|Gadus_chalcogrammus	100.000	80	80
U40;size=24	MZ097925|Gadus_chalcogrammus	100.000	80	80
U40;size=24	MZ097926|Gadus_chalcogrammus	100.000	80	80
U40;size=24	MZ407786|Gadus_chalcogrammus	100.000	80	80
U40;size=24	MW435038|Gadus_chalcogrammus	100.000	80	80
U40;size=24	MW435064|Gadus_chalcogrammus	100.000	80	80
U40;size=24	MW435065|Gadus_chalcogrammus	100.000	80	80
U40;size=24	MW435131|Gadus_chalcogrammus	100.000	80	80
U40;size=24	OQ442221|Gadus_chalcogrammus	100.000	80	80
U40;size=24	OQ932941|Gadus_chalcogrammus	100.000	80	80
U40;size=24	PV541582|Gadus_chalcogrammus	100.000	80	80
U40;size=24	PV541586|Gadus_chalcogrammus	100.000	80	80
U40;size=24	PV541612|Gadus_chalcogrammus	100.000	80	80
U40;size=24	PX398564|Gadus_chalcogrammus	100.000	80	80
U40;size=24	ON545935|Gadus_morhua	98.750	80	80
U40;size=24	MZ169750|Arctogadus_glacialis	98.750	80	80
U40;size=24	MZ169751|Arctogadus_glacialis	98.750	80	80
U40;size=24	MW435025|Arctogadus_glacialis	98.750	80	80
U40;size=24	MW435087|Arctogadus_glacialis	98.750	80	80
U40;size=24	MW435088|Arctogadus_glacialis	98.750	80	80
U40;size=24	MW435090|Arctogadus_glacialis	98.750	80	80
U40;size=24	MW435091|Arctogadus_glacialis	98.750	80	80
U40;size=24	MW435092|Arctogadus_glacialis	98.750	80	80
U40;size=24	MW435094|Arctogadus_glacialis	98.750	80	80
U40;size=24	MW435095|Arctogadus_glacialis	98.750	80	80
U40;size=24	MW435096|Arctogadus_glacialis	98.750	80	80
U40;size=24	MW435098|Arctogadus_glacialis	98.750	80	80
U40;size=24	MW435099|Arctogadus_glacialis	98.750	80	80
U43;size=22	MW831011|Gadus_morhua	100.000	74	80
U43;size=22	ON545931|Gadus_morhua	100.000	74	80
U43;size=22	ON545937|Gadus_morhua	100.000	74	80
U43;size=22	ON545938|Gadus_morhua	100.000	74	80
U43;size=22	ON545957|Gadus_morhua	100.000	74	80
U43;size=22	ON545965|Gadus_morhua	100.000	74	80
U43;size=22	MZ407824|Gadus_morhua	100.000	74	80
U43;size=22	MZ407825|Gadus_morhua	100.000	74	80
U43;size=22	PP087981|Gadus_morhua	100.000	74	80
U43;size=22	PP087982|Gadus_morhua	100.000	74	80
U43;size=22	PP087983|Gadus_morhua	100.000	74	80
U43;size=22	PQ034651|Gadus_morhua	100.000	74	80
U43;size=22	PQ034652|Gadus_morhua	100.000	74	80
U43;size=22	PQ034653|Gadus_morhua	100.000	74	80
U43;size=22	PV541600|Gadus_morhua	100.000	74	80
U43;size=22	PZ676065|Gadus_morhua	100.000	74	80
U43;size=22	MZ097918|Gadus_chalcogrammus	100.000	74	80
U43;size=22	MZ097919|Gadus_chalcogrammus	100.000	74	80
U43;size=22	MZ097920|Gadus_chalcogrammus	100.000	74	80
U43;size=22	MZ097921|Gadus_chalcogrammus	100.000	74	80
U43;size=22	MZ097922|Gadus_chalcogrammus	100.000	74	80
U43;size=22	MZ097923|Gadus_chalcogrammus	100.000	74	80
U43;size=22	MZ097924|Gadus_chalcogrammus	100.000	74	80
U43;size=22	MZ097925|Gadus_chalcogrammus	100.000	74	80
U43;size=22	MZ097926|Gadus_chalcogrammus	100.000	74	80
U43;size=22	MZ407786|Gadus_chalcogrammus	100.000	74	80
U43;size=22	MW435038|Gadus_chalcogrammus	100.000	74	80
U43;size=22	MW435064|Gadus_chalcogrammus	100.000	74	80
U43;size=22	MW435065|Gadus_chalcogrammus	100.000	74	80
U43;size=22	MW435131|Gadus_chalcogrammus	100.000	74	80
U43;size=22	OQ442221|Gadus_chalcogrammus	100.000	74	80
U43;size=22	OQ932941|Gadus_chalcogrammus	100.000	74	80
U43;size=22	PV541582|Gadus_chalcogrammus	100.000	74	80
U43;size=22	PV541586|Gadus_chalcogrammus	100.000	74	80
U43;size=22	PV541612|Gadus_chalcogrammus	100.000	74	80
U43;size=22	PX398564|Gadus_chalcogrammus	100.000	74	80
U43;size=22	ON545935|Gadus_morhua	98.649	74	80
U43;size=22	MZ169750|Arctogadus_glacialis	98.649	74	80
U43;size=22	MZ169751|Arctogadus_glacialis	98.649	74	80
U43;size=22	MW435025|Arctogadus_glacialis	98.649	74	80
U43;size=22	MW435087|Arctogadus_glacialis	98.649	74	80
U43;size=22	MW435088|Arctogadus_glacialis	98.649	74	80
U43;size=22	MW435090|Arctogadus_glacialis	98.649	74	80
U43;size=22	MW435091|Arctogadus_glacialis	98.649	74	80
U43;size=22	MW435092|Arctogadus_glacialis	98.649	74	80
U43;size=22	MW435094|Arctogadus_glacialis	98.649	74	80
U43;size=22	MW435095|Arctogadus_glacialis	98.649	74	80
U43;size=22	MW435096|Arctogadus_glacialis	98.649	74	80
U43;size=22	MW435098|Arctogadus_glacialis	98.649	74	80
U43;size=22	MW435099|Arctogadus_glacialis	98.649	74	80
U44;size=22	MW831011|Gadus_morhua	97.500	80	80
U44;size=22	ON545931|Gadus_morhua	97.500	80	80
U44;size=22	ON545937|Gadus_morhua	97.500	80	80
U44;size=22	ON545938|Gadus_morhua	97.500	80	80
U44;size=22	ON545957|Gadus_morhua	97.500	80	80
U44;size=22	ON545965|Gadus_morhua	97.500	80	80
U44;size=22	MZ407824|Gadus_morhua	97.500	80	80
U44;size=22	MZ407825|Gadus_morhua	97.500	80	80
U44;size=22	PP087981|Gadus_morhua	97.500	80	80
U44;size=22	PP087982|Gadus_morhua	97.500	80	80
U44;size=22	PP087983|Gadus_morhua	97.500	80	80
U44;size=22	PQ034651|Gadus_morhua	97.500	80	80
U44;size=22	PQ034652|Gadus_morhua	97.500	80	80
U44;size=22	PQ034653|Gadus_morhua	97.500	80	80
U44;size=22	PV541600|Gadus_morhua	97.500	80	80
U44;size=22	PZ676065|Gadus_morhua	97.500	80	80
U44;size=22	MZ097918|Gadus_chalcogrammus	97.500	80	80
U44;size=22	MZ097919|Gadus_chalcogrammus	97.500	80	80
U44;size=22	MZ097920|Gadus_chalcogrammus	97.500	80	80
U44;size=22	MZ097921|Gadus_chalcogrammus	97.500	80	80
U44;size=22	MZ097922|Gadus_chalcogrammus	97.500	80	80
U44;size=22	MZ097923|Gadus_chalcogrammus	97.500	80	80
U44;size=22	MZ097924|Gadus_chalcogrammus	97.500	80	80
U44;size=22	MZ097925|Gadus_chalcogrammus	97.500	80	80
U44;size=22	MZ097926|Gadus_chalcogrammus	97.500	80	80
U44;size=22	MZ407786|Gadus_chalcogrammus	97.500	80	80
U44;size=22	MW435038|Gadus_chalcogrammus	97.500	80	80
U44;size=22	MW435064|Gadus_chalcogrammus	97.500	80	80
U44;size=22	MW435065|Gadus_chalcogrammus	97.500	80	80
U44;size=22	MW435131|Gadus_chalcogrammus	97.500	80	80
U44;size=22	OQ442221|Gadus_chalcogrammus	97.500	80	80
U44;size=22	OQ932941|Gadus_chalcogrammus	97.500	80	80
U44;size=22	PV541582|Gadus_chalcogrammus	97.500	80	80
U44;size=22	PV541586|Gadus_chalcogrammus	97.500	80	80
U44;size=22	PV541612|Gadus_chalcogrammus	97.500	80	80
U44;size=22	PX398564|Gadus_chalcogrammus	97.500	80	80
U44;size=22	ON545935|Gadus_morhua	96.250	80	80
U44;size=22	MZ169750|Arctogadus_glacialis	96.250	80	80
U44;size=22	MZ169751|Arctogadus_glacialis	96.250	80	80
U44;size=22	MW435025|Arctogadus_glacialis	96.250	80	80
U44;size=22	MW435087|Arctogadus_glacialis	96.250	80	80
U44;size=22	MW435088|Arctogadus_glacialis	96.250	80	80
U44;size=22	MW435090|Arctogadus_glacialis	96.250	80	80
U44;size=22	MW435091|Arctogadus_glacialis	96.250	80	80
U44;size=22	MW435092|Arctogadus_glacialis	96.250	80	80
U44;size=22	MW435094|Arctogadus_glacialis	96.250	80	80
U44;size=22	MW435095|Arctogadus_glacialis	96.250	80	80
U44;size=22	MW435096|Arctogadus_glacialis	96.250	80	80
U44;size=22	MW435098|Arctogadus_glacialis	96.250	80	80
U44;size=22	MW435099|Arctogadus_glacialis	96.250	80	80
U45;size=21	MW831011|Gadus_morhua	98.649	74	80
U45;size=21	ON545931|Gadus_morhua	98.649	74	80
U45;size=21	ON545937|Gadus_morhua	98.649	74	80
U45;size=21	ON545938|Gadus_morhua	98.649	74	80
U45;size=21	ON545957|Gadus_morhua	98.649	74	80
U45;size=21	ON545965|Gadus_morhua	98.649	74	80
U45;size=21	MZ407824|Gadus_morhua	98.649	74	80
U45;size=21	MZ407825|Gadus_morhua	98.649	74	80
U45;size=21	PP087981|Gadus_morhua	98.649	74	80
U45;size=21	PP087982|Gadus_morhua	98.649	74	80
U45;size=21	PP087983|Gadus_morhua	98.649	74	80
U45;size=21	PQ034651|Gadus_morhua	98.649	74	80
U45;size=21	PQ034652|Gadus_morhua	98.649	74	80
U45;size=21	PQ034653|Gadus_morhua	98.649	74	80
U45;size=21	PV541600|Gadus_morhua	98.649	74	80
U45;size=21	PZ676065|Gadus_morhua	98.649	74	80
U45;size=21	MZ097918|Gadus_chalcogrammus	98.649	74	80
U45;size=21	MZ097919|Gadus_chalcogrammus	98.649	74	80
U45;size=21	MZ097920|Gadus_chalcogrammus	98.649	74	80
U45;size=21	MZ097921|Gadus_chalcogrammus	98.649	74	80
U45;size=21	MZ097922|Gadus_chalcogrammus	98.649	74	80
U45;size=21	MZ097923|Gadus_chalcogrammus	98.649	74	80
U45;size=21	MZ097924|Gadus_chalcogrammus	98.649	74	80
U45;size=21	MZ097925|Gadus_chalcogrammus	98.649	74	80
U45;size=21	MZ097926|Gadus_chalcogrammus	98.649	74	80
U45;size=21	MZ407786|Gadus_chalcogrammus	98.649	74	80
U45;size=21	MW435038|Gadus_chalcogrammus	98.649	74	80
U45;size=21	MW435064|Gadus_chalcogrammus	98.649	74	80
U45;size=21	MW435065|Gadus_chalcogrammus	98.649	74	80
U45;size=21	MW435131|Gadus_chalcogrammus	98.649	74	80
U45;size=21	OQ442221|Gadus_chalcogrammus	98.649	74	80
U45;size=21	OQ932941|Gadus_chalcogrammus	98.649	74	80
U45;size=21	PV541582|Gadus_chalcogrammus	98.649	74	80
U45;size=21	PV541586|Gadus_chalcogrammus	98.649	74	80
U45;size=21	PV541612|Gadus_chalcogrammus	98.649	74	80
U45;size=21	PX398564|Gadus_chalcogrammus	98.649	74	80
U45;size=21	ON545935|Gadus_morhua	97.297	74	80
U45;size=21	MZ169750|Arctogadus_glacialis	97.297	74	80
U45;size=21	MZ169751|Arctogadus_glacialis	97.297	74	80
U45;size=21	MW435025|Arctogadus_glacialis	97.297	74	80
U45;size=21	MW435087|Arctogadus_glacialis	97.297	74	80
U45;size=21	MW435088|Arctogadus_glacialis	97.297	74	80
U45;size=21	MW435090|Arctogadus_glacialis	97.297	74	80
U45;size=21	MW435091|Arctogadus_glacialis	97.297	74	80
U45;size=21	MW435092|Arctogadus_glacialis	97.297	74	80
U45;size=21	MW435094|Arctogadus_glacialis	97.297	74	80
U45;size=21	MW435095|Arctogadus_glacialis	97.297	74	80
U45;size=21	MW435096|Arctogadus_glacialis	97.297	74	80
U45;size=21	MW435098|Arctogadus_glacialis	97.297	74	80
U45;size=21	MW435099|Arctogadus_glacialis	97.297	74	80
U49;size=15	MK283725|Limanda_aspera	100.000	30	32
U107;size=11	LC146692|Pollachius_virens	98.592	71	80
U107;size=11	ON545935|Gadus_morhua	98.462	65	80
U107;size=11	ON545937|Gadus_morhua	98.462	65	80
U107;size=11	ON545957|Gadus_morhua	98.462	65	80
U107;size=11	OQ932941|Gadus_chalcogrammus	96.970	66	80
U107;size=11	MK241678|Pollachius_virens	96.923	65	80
U107;size=11	MK241680|Pollachius_virens	96.923	65	80
U107;size=11	PP087981|Gadus_morhua	100.000	57	80
U107;size=11	PP087982|Gadus_morhua	100.000	57	80
U107;size=11	PP087983|Gadus_morhua	100.000	57	80
U107;size=11	OR290803|Merluccius_gayi	92.958	71	80
U107;size=11	OR290809|Merluccius_gayi	90.909	77	80
U107;size=11	OR290814|Merluccius_gayi	90.909	77	80
U107;size=11	ON545931|Gadus_morhua	100.000	56	80
U107;size=11	ON545933|Gadus_morhua	100.000	56	80
U107;size=11	ON545938|Gadus_morhua	100.000	56	80
U107;size=11	MW435025|Arctogadus_glacialis	100.000	54	80
U107;size=11	MW435087|Arctogadus_glacialis	100.000	54	80
U107;size=11	MW435088|Arctogadus_glacialis	100.000	54	80
U107;size=11	MW435090|Arctogadus_glacialis	100.000	54	80
U107;size=11	MW435091|Arctogadus_glacialis	100.000	54	80
U107;size=11	MW435092|Arctogadus_glacialis	100.000	54	80
U107;size=11	MW435093|Arctogadus_glacialis	100.000	54	80
U107;size=11	MW435094|Arctogadus_glacialis	100.000	54	80
U107;size=11	MW435095|Arctogadus_glacialis	100.000	54	80
U107;size=11	MW435096|Arctogadus_glacialis	100.000	54	80
U107;size=11	MW435098|Arctogadus_glacialis	100.000	54	80
U107;size=11	MW435099|Arctogadus_glacialis	100.000	54	80
U107;size=11	MW435100|Arctogadus_glacialis	100.000	54	80
U107;size=11	MW435103|Arctogadus_glacialis	100.000	54	80
U107;size=11	MW435104|Arctogadus_glacialis	100.000	54	80
U107;size=11	MW435139|Arctogadus_glacialis	100.000	54	80
U107;size=11	MW435147|Arctogadus_glacialis	100.000	54	80
U107;size=11	PV496041|Arctogadus_glacialis	100.000	54	80
U107;size=11	MZ097918|Gadus_chalcogrammus	98.246	57	80
U107;size=11	MZ097919|Gadus_chalcogrammus	98.246	57	80
U107;size=11	MZ097920|Gadus_chalcogrammus	98.246	57	80
U107;size=11	MZ097921|Gadus_chalcogrammus	98.246	57	80
U107;size=11	MZ097922|Gadus_chalcogrammus	98.246	57	80
U107;size=11	MZ097923|Gadus_chalcogrammus	98.246	57	80
U107;size=11	MZ097924|Gadus_chalcogrammus	98.246	57	80
U107;size=11	MZ097925|Gadus_chalcogrammus	98.246	57	80
U107;size=11	MZ097926|Gadus_chalcogrammus	98.246	57	80
U107;size=11	MW435038|Gadus_chalcogrammus	100.000	54	80
U107;size=11	MW435064|Gadus_chalcogrammus	100.000	54	80
U107;size=11	MW435131|Gadus_chalcogrammus	100.000	54	80
U107;size=11	PX398564|Gadus_chalcogrammus	100.000	54	80
U107;size=11	OR290806|Merluccius_gayi	96.610	59	80
U107;size=11	OR290808|Merluccius_gayi	95.161	62	80
U107;size=11	KX119494|Pollachius_virens	98.148	54	80
U67;size=6	AY800003|Gadus_chalcogrammus	97.500	80	80
U67;size=6	AY850362|Gadus_chalcogrammus	97.500	80	80
U67;size=6	FJ215192|Gadus_chalcogrammus	97.500	80	80
U67;size=6	GU581268|Gadus_chalcogrammus	97.500	80	80
U67;size=6	EF119324|Gadus_chalcogrammus	97.500	80	80
U67;size=6	EF119325|Gadus_chalcogrammus	97.500	80	80
U67;size=6	KJ010584|Gadus_chalcogrammus	97.500	80	80
U67;size=6	KJ010598|Gadus_chalcogrammus	97.500	80	80
U67;size=6	KJ010660|Gadus_chalcogrammus	97.500	80	80
U67;size=6	KJ010704|Gadus_chalcogrammus	97.500	80	80
U67;size=6	EU548102|Gadus_chalcogrammus	100.000	63	80
U67;size=6	EU548198|Gadus_chalcogrammus	100.000	63	80
U67;size=6	GU581264|Pollachius_virens	92.500	80	80
U67;size=6	AF420462|Gadus_morhua	92.500	80	80
U67;size=6	AY850363|Gadus_morhua	92.500	80	80
U67;size=6	AY141399|Gadus_morhua	92.500	80	80
U67;size=6	GU018116|Gadus_morhua	92.500	80	80
U67;size=6	GU931786|Gadus_morhua	92.500	80	80
U67;size=6	GU324163|Gadus_morhua	92.500	80	80
U67;size=6	JX121817|Gadus_morhua	92.500	80	80
U67;size=6	KJ128772|Gadus_morhua	92.500	80	80
U67;size=6	KJ128773|Gadus_morhua	92.500	80	80
U67;size=6	EU548199|Gadus_chalcogrammus	98.413	63	80
U67;size=6	AF420461|Pollachius_virens	87.500	80	80
U67;size=6	FJ215186|Pollachius_virens	87.500	80	80
U100;size=3	GU581264|Pollachius_virens	98.750	80	80
U100;size=3	FJ215186|Pollachius_virens	98.750	80	80
U100;size=3	KJ128866|Pollachius_virens	98.750	80	80
U100;size=3	KJ128867|Pollachius_virens	98.750	80	80
U100;size=3	AY850363|Gadus_morhua	98.750	80	80
U100;size=3	GU018116|Gadus_morhua	98.750	80	80
U100;size=3	GU931786|Gadus_morhua	98.750	80	80
U100;size=3	GU324163|Gadus_morhua	98.750	80	80
U100;size=3	JX121817|Gadus_morhua	98.750	80	80
U100;size=3	KJ128772|Gadus_morhua	98.750	80	80
U100;size=3	KJ128773|Gadus_morhua	98.750	80	80
U100;size=3	AY800003|Gadus_chalcogrammus	98.750	80	80
U100;size=3	AY850362|Gadus_chalcogrammus	98.750	80	80
U100;size=3	GU581268|Gadus_chalcogrammus	98.750	80	80
U100;size=3	EF119324|Gadus_chalcogrammus	98.750	80	80
U100;size=3	EF119325|Gadus_chalcogrammus	98.750	80	80
U100;size=3	KJ010584|Gadus_chalcogrammus	98.750	80	80
U100;size=3	KJ010598|Gadus_chalcogrammus	98.750	80	80
U100;size=3	KJ010660|Gadus_chalcogrammus	98.750	80	80
U100;size=3	KJ010704|Gadus_chalcogrammus	98.750	80	80
U100;size=3	AF420461|Pollachius_virens	100.000	74	80
U100;size=3	AF420462|Gadus_morhua	100.000	74	80
U100;size=3	AY141399|Gadus_morhua	98.630	73	80
U100;size=3	EU548102|Gadus_chalcogrammus	100.000	68	80
U100;size=3	EU548198|Gadus_chalcogrammus	100.000	68	80
U100;size=3	EU548199|Gadus_chalcogrammus	100.000	68	80
U100;size=3	FJ215192|Gadus_chalcogrammus	95.000	80	80
U91;size=3	MZ169750|Arctogadus_glacialis	100.000	29	32
U91;size=3	MZ169751|Arctogadus_glacialis	100.000	29	32
U91;size=3	MW435025|Arctogadus_glacialis	100.000	29	32
U91;size=3	MW435087|Arctogadus_glacialis	100.000	29	32
U91;size=3	MW435088|Arctogadus_glacialis	100.000	29	32
U91;size=3	MW435090|Arctogadus_glacialis	100.000	29	32
U91;size=3	MW435091|Arctogadus_glacialis	100.000	29	32
U91;size=3	MW435092|Arctogadus_glacialis	100.000	29	32
U91;size=3	MW435093|Arctogadus_glacialis	100.000	29	32
U91;size=3	MW435094|Arctogadus_glacialis	100.000	29	32
U91;size=3	MW435095|Arctogadus_glacialis	100.000	29	32
U91;size=3	MW435096|Arctogadus_glacialis	100.000	29	32
U91;size=3	MW435098|Arctogadus_glacialis	100.000	29	32
U91;size=3	MW435099|Arctogadus_glacialis	100.000	29	32
U91;size=3	MW435100|Arctogadus_glacialis	100.000	29	32
U91;size=3	MW435103|Arctogadus_glacialis	100.000	29	32
U91;size=3	MW435104|Arctogadus_glacialis	100.000	29	32
U91;size=3	MW435139|Arctogadus_glacialis	100.000	29	32
U91;size=3	MW435147|Arctogadus_glacialis	100.000	29	32
U91;size=3	PV496041|Arctogadus_glacialis	100.000	29	32
U91;size=3	KX119494|Pollachius_virens	100.000	29	32
U91;size=3	KX119495|Pollachius_virens	100.000	29	32
U91;size=3	MG204955|Pollachius_virens	100.000	29	32
U91;size=3	MG204990|Pollachius_virens	100.000	29	32
U91;size=3	MG205000|Pollachius_virens	100.000	29	32
U91;size=3	MG205093|Pollachius_virens	100.000	29	32
U91;size=3	MG205101|Pollachius_virens	100.000	29	32
U91;size=3	MG205116|Pollachius_virens	100.000	29	32
U91;size=3	MG205128|Pollachius_virens	100.000	29	32
U91;size=3	MG205141|Pollachius_virens	100.000	29	32
U91;size=3	LC146692|Pollachius_virens	100.000	29	32
U91;size=3	MN893170|Pollachius_virens	100.000	29	32
U91;size=3	MK241678|Pollachius_virens	100.000	29	32
U91;size=3	MK241680|Pollachius_virens	100.000	29	32
U91;size=3	MT455166|Pollachius_virens	100.000	29	32
U91;size=3	PQ034643|Pollachius_virens	100.000	29	32
U91;size=3	PQ034644|Pollachius_virens	100.000	29	32
U91;size=3	PQ034645|Pollachius_virens	100.000	29	32
U91;size=3	PV496049|Pollachius_virens	100.000	29	32
U91;size=3	PV496050|Pollachius_virens	100.000	29	32
U91;size=3	MW829365|Gadus_morhua	100.000	29	32
U91;size=3	MW831011|Gadus_morhua	100.000	29	32
U91;size=3	ON545931|Gadus_morhua	100.000	29	32
U91;size=3	ON545933|Gadus_morhua	100.000	29	32
U91;size=3	ON545935|Gadus_morhua	100.000	29	32
U91;size=3	ON545937|Gadus_morhua	100.000	29	32
U91;size=3	ON545938|Gadus_morhua	100.000	29	32
U91;size=3	ON545957|Gadus_morhua	100.000	29	32
U91;size=3	ON545965|Gadus_morhua	100.000	29	32
U91;size=3	MZ407824|Gadus_morhua	100.000	29	32
U99;size=3	GU581264|Pollachius_virens	100.000	80	80
U99;size=3	AF420462|Gadus_morhua	100.000	80	80
U99;size=3	AY850363|Gadus_morhua	100.000	80	80
U99;size=3	AY141399|Gadus_morhua	100.000	80	80
U99;size=3	GU018116|Gadus_morhua	100.000	80	80
U99;size=3	GU931786|Gadus_morhua	100.000	80	80
U99;size=3	GU324163|Gadus_morhua	100.000	80	80
U99;size=3	JX121817|Gadus_morhua	100.000	80	80
U99;size=3	KJ128772|Gadus_morhua	100.000	80	80
U99;size=3	KJ128773|Gadus_morhua	100.000	80	80
U99;size=3	AY850362|Gadus_chalcogrammus	100.000	80	80
U99;size=3	EU548102|Gadus_chalcogrammus	100.000	80	80
U99;size=3	EU548198|Gadus_chalcogrammus	100.000	80	80
U99;size=3	EU548199|Gadus_chalcogrammus	100.000	80	80
U99;size=3	GU581268|Gadus_chalcogrammus	100.000	80	80
U99;size=3	EF119324|Gadus_chalcogrammus	100.000	80	80
U99;size=3	EF119325|Gadus_chalcogrammus	100.000	80	80
U99;size=3	KJ010584|Gadus_chalcogrammus	100.000	80	80
U99;size=3	KJ010598|Gadus_chalcogrammus	100.000	80	80
U99;size=3	KJ010660|Gadus_chalcogrammus	100.000	80	80
U99;size=3	KJ010704|Gadus_chalcogrammus	100.000	80	80
U99;size=3	FJ215192|Gadus_chalcogrammus	98.750	80	80
U99;size=3	AF420461|Pollachius_virens	98.734	79	80
U99;size=3	FJ215186|Pollachius_virens	98.734	79	80
U99;size=3	KJ128866|Pollachius_virens	98.734	79	80
U99;size=3	KJ128867|Pollachius_virens	98.734	79	80
U99;size=3	AY800003|Gadus_chalcogrammus	93.976	83	80
U99;size=3	FN687991|Gadus_morhua	98.551	69	80
U99;size=3	FN687992|Gadus_morhua	98.551	69	80
U99;size=3	FN687993|Gadus_morhua	98.551	69	80
U99;size=3	FN687994|Gadus_morhua	98.551	69	80
U99;size=3	FN687995|Gadus_morhua	98.551	69	80
U138;size=2	GU581264|Pollachius_virens	97.403	77	80
U138;size=2	FJ215186|Pollachius_virens	97.403	77	80
U138;size=2	KJ128866|Pollachius_virens	97.403	77	80
U138;size=2	KJ128867|Pollachius_virens	97.403	77	80
U138;size=2	AY850363|Gadus_morhua	97.403	77	80
U138;size=2	AY141399|Gadus_morhua	97.403	77	80
U138;size=2	GU018116|Gadus_morhua	97.403	77	80
U138;size=2	GU931786|Gadus_morhua	97.403	77	80
U138;size=2	GU324163|Gadus_morhua	97.403	77	80
U138;size=2	JX121817|Gadus_morhua	97.403	77	80
U138;size=2	KJ128772|Gadus_morhua	97.403	77	80
U138;size=2	KJ128773|Gadus_morhua	97.403	77	80
U138;size=2	AY850362|Gadus_chalcogrammus	97.403	77	80
U138;size=2	GU581268|Gadus_chalcogrammus	97.403	77	80
U138;size=2	EF119324|Gadus_chalcogrammus	97.403	77	80
U138;size=2	EF119325|Gadus_chalcogrammus	97.403	77	80
U138;size=2	KJ010584|Gadus_chalcogrammus	97.403	77	80
U138;size=2	KJ010598|Gadus_chalcogrammus	97.403	77	80
U138;size=2	KJ010660|Gadus_chalcogrammus	97.403	77	80
U138;size=2	KJ010704|Gadus_chalcogrammus	97.403	77	80
U138;size=2	AY800003|Gadus_chalcogrammus	98.630	73	80
U138;size=2	FJ215192|Gadus_chalcogrammus	93.506	77	80
U138;size=2	AF420461|Pollachius_virens	100.000	57	80
U138;size=2	AF420462|Gadus_morhua	100.000	57	80
U138;size=2	EU548102|Gadus_chalcogrammus	100.000	51	80
U138;size=2	EU548198|Gadus_chalcogrammus	100.000	51	80
U138;size=2	EU548199|Gadus_chalcogrammus	100.000	51	80
U145;size=2	PP917789|Salmo_salar	100.000	80	80
U145;size=2	PP917790|Salmo_salar	100.000	80	80
U145;size=2	PP917805|Salmo_salar	100.000	80	80
U145;size=2	OR654914|Salmo_salar	100.000	69	80
U145;size=2	OR654915|Salmo_salar	100.000	69	80
U145;size=2	OR654916|Salmo_salar	100.000	69	80
U145;size=2	OR654917|Salmo_salar	100.000	69	80
U145;size=2	OR654918|Salmo_salar	100.000	69	80
U145;size=2	OR654919|Salmo_salar	100.000	69	80
U145;size=2	OR654920|Salmo_salar	100.000	69	80
U145;size=2	OR654921|Salmo_salar	100.000	69	80
U145;size=2	OR654929|Salmo_salar	100.000	69	80
U145;size=2	OR654935|Salmo_salar	100.000	69	80
U145;size=2	OR654936|Salmo_salar	100.000	69	80
U145;size=2	OR654937|Salmo_salar	100.000	69	80
U145;size=2	PV570334|Salmo_salar	100.000	54	80
U145;size=2	PV570335|Salmo_salar	100.000	54	80
U145;size=2	PV570336|Salmo_salar	100.000	54	80
U145;size=2	PZ676072|Salmo_salar	100.000	46	80
U145;size=2	PZ799171|Salmo_salar	100.000	36	80
U173;size=2	LC146692|Pollachius_virens	97.183	71	80
U173;size=2	OQ932941|Gadus_chalcogrammus	98.485	66	80
U173;size=2	MK241678|Pollachius_virens	98.462	65	80
U173;size=2	MK241680|Pollachius_virens	98.462	65	80
U173;size=2	OR290809|Merluccius_gayi	93.506	77	80
U173;size=2	OR290814|Merluccius_gayi	93.506	77	80
U173;size=2	OR290803|Merluccius_gayi	94.366	71	80
U173;size=2	ON545935|Gadus_morhua	96.923	65	80
U173;size=2	ON545937|Gadus_morhua	96.923	65	80
U173;size=2	ON545957|Gadus_morhua	96.923	65	80
U173;size=2	PP087981|Gadus_morhua	100.000	57	80
U173;size=2	PP087982|Gadus_morhua	100.000	57	80
U173;size=2	PP087983|Gadus_morhua	100.000	57	80
U173;size=2	ON545931|Gadus_morhua	100.000	56	80
U173;size=2	ON545933|Gadus_morhua	100.000	56	80
U173;size=2	ON545938|Gadus_morhua	100.000	56	80
U173;size=2	MW435025|Arctogadus_glacialis	100.000	54	80
U173;size=2	MW435087|Arctogadus_glacialis	100.000	54	80
U173;size=2	MW435088|Arctogadus_glacialis	100.000	54	80
U173;size=2	MW435090|Arctogadus_glacialis	100.000	54	80
U173;size=2	MW435091|Arctogadus_glacialis	100.000	54	80
U173;size=2	MW435092|Arctogadus_glacialis	100.000	54	80
U173;size=2	MW435093|Arctogadus_glacialis	100.000	54	80
U173;size=2	MW435094|Arctogadus_glacialis	100.000	54	80
U173;size=2	MW435095|Arctogadus_glacialis	100.000	54	80
U173;size=2	MW435096|Arctogadus_glacialis	100.000	54	80
U173;size=2	MW435098|Arctogadus_glacialis	100.000	54	80
U173;size=2	MW435099|Arctogadus_glacialis	100.000	54	80
U173;size=2	MW435100|Arctogadus_glacialis	100.000	54	80
U173;size=2	MW435103|Arctogadus_glacialis	100.000	54	80
U173;size=2	MW435104|Arctogadus_glacialis	100.000	54	80
U173;size=2	MW435139|Arctogadus_glacialis	100.000	54	80
U173;size=2	MW435147|Arctogadus_glacialis	100.000	54	80
U173;size=2	PV496041|Arctogadus_glacialis	100.000	54	80
U173;size=2	MZ097918|Gadus_chalcogrammus	98.246	57	80
U173;size=2	MZ097919|Gadus_chalcogrammus	98.246	57	80
U173;size=2	MZ097920|Gadus_chalcogrammus	98.246	57	80
U173;size=2	MZ097921|Gadus_chalcogrammus	98.246	57	80
U173;size=2	MZ097922|Gadus_chalcogrammus	98.246	57	80
U173;size=2	MZ097923|Gadus_chalcogrammus	98.246	57	80
U173;size=2	MZ097924|Gadus_chalcogrammus	98.246	57	80
U173;size=2	MZ097925|Gadus_chalcogrammus	98.246	57	80
U173;size=2	MZ097926|Gadus_chalcogrammus	98.246	57	80
U173;size=2	MW435038|Gadus_chalcogrammus	100.000	54	80
U173;size=2	MW435064|Gadus_chalcogrammus	100.000	54	80
U173;size=2	MW435131|Gadus_chalcogrammus	100.000	54	80
U173;size=2	PX398564|Gadus_chalcogrammus	100.000	54	80
U173;size=2	OR290806|Merluccius_gayi	96.610	59	80
U173;size=2	KX119494|Pollachius_virens	98.148	54	80
U173;size=2	KX119495|Pollachius_virens	98.148	54	80
