qseqid	species	pident	qcov	margin	second	verdict
U109;size=3	Gadus_chalcogrammus	97.5	100.0	5.0	Gadus_morhua	PROBABLE
U10;size=119	Gadus_chalcogrammus	97.5	100.0	0.0	Gadus_morhua	PROBABLE
U167;size=2	Gadus_chalcogrammus	98.75	100.0	0.0	Gadus_morhua	PROBABLE
U16;size=81	Gadus_chalcogrammus	98.75	100.0	0.0	Gadus_morhua	PROBABLE
U19;size=77						INCONCLUSIVE
U1;size=1192	Gadus_chalcogrammus	100.0	100.0	0.0	Gadus_morhua	PROBABLE
U20;size=73	Gadus_chalcogrammus	98.701	96.25	0.0	Gadus_morhua	PROBABLE
U21;size=70	Merluccius_gayi	92.308	97.5	100.0		INCONCLUSIVE
U22;size=68	Merluccius_gayi	94.872	97.5	100.0		INCONCLUSIVE
U24;size=64	Gadus_chalcogrammus	98.75	100.0	0.0	Gadus_morhua	PROBABLE
U25;size=67	Merluccius_gayi	92.308	97.5	100.0		INCONCLUSIVE
U26;size=58						INCONCLUSIVE
U27;size=54						INCONCLUSIVE
U28;size=51	Arctogadus_glacialis	100.0	100.0	0.0	Gadus_morhua	PROBABLE
U2;size=858	Arctogadus_glacialis	100.0	100.0	0.0	Gadus_chalcogrammus	PROBABLE
U31;size=47	Gadus_chalcogrammus	100.0	100.0	0.0	Gadus_morhua	PROBABLE
U32;size=48						INCONCLUSIVE
U33;size=48	Gadus_chalcogrammus	97.5	100.0	0.0	Gadus_morhua	PROBABLE
U34;size=48	Gadus_chalcogrammus	100.0	96.25	0.0	Gadus_morhua	PROBABLE
U38;size=36	Gadus_chalcogrammus	98.75	100.0	0.0	Gadus_morhua	PROBABLE
U3;size=346	Merluccius_gayi	92.308	97.5	100.0		INCONCLUSIVE
U41;size=28						INCONCLUSIVE
U43;size=28	Merluccius_gayi	93.59	97.5	1.28	Limanda_aspera	INCONCLUSIVE
U49;size=20						INCONCLUSIVE
U4;size=203	Merluccius_gayi	93.59	97.5	100.0		INCONCLUSIVE
U50;size=20	Gadus_chalcogrammus	97.5	100.0	0.0	Gadus_morhua	PROBABLE
U51;size=18						INCONCLUSIVE
U53;size=14						INCONCLUSIVE
U59;size=11	Gadus_chalcogrammus	98.75	100.0	0.0	Gadus_morhua	PROBABLE
U6;size=180	Merluccius_gayi	91.026	97.5	100.0		INCONCLUSIVE
U76;size=5	Gadus_chalcogrammus	97.403	96.25	0.0	Gadus_morhua	PROBABLE
U7;size=153	Merluccius_gayi	93.59	97.5	100.0		INCONCLUSIVE
U96;size=13	Merluccius_gayi	92.208	96.25	100.0		INCONCLUSIVE
