accession	name	source	rule
PX398564	Gadus chalcogrammus	results/ref_all.fasta	OK
PV541612	Gadus chalcogrammus	results/ref_all.fasta	OK
PV541586	Gadus chalcogrammus	results/ref_all.fasta	OK
PV541582	Gadus chalcogrammus	results/ref_all.fasta	OK
OQ932941	Gadus chalcogrammus	results/ref_all.fasta	OK
OQ442221	Gadus chalcogrammus	results/ref_all.fasta	OK
MW435131	Gadus chalcogrammus	results/ref_all.fasta	OK
MW435065	Gadus chalcogrammus	results/ref_all.fasta	OK
MW435064	Gadus chalcogrammus	results/ref_all.fasta	OK
MW435038	Gadus chalcogrammus	results/ref_all.fasta	OK
MZ407786	Gadus chalcogrammus	results/ref_all.fasta	OK
MZ097926	Gadus chalcogrammus	results/ref_all.fasta	OK
MZ097925	Gadus chalcogrammus	results/ref_all.fasta	OK
MZ097924	Gadus chalcogrammus	results/ref_all.fasta	OK
MZ097923	Gadus chalcogrammus	results/ref_all.fasta	OK
MZ097922	Gadus chalcogrammus	results/ref_all.fasta	OK
MZ097921	Gadus chalcogrammus	results/ref_all.fasta	OK
MZ097920	Gadus chalcogrammus	results/ref_all.fasta	OK
MZ097919	Gadus chalcogrammus	results/ref_all.fasta	OK
MZ097918	Gadus chalcogrammus	results/ref_all.fasta	OK
PZ676065	Gadus morhua	results/ref_all.fasta	OK
PV541600	Gadus morhua	results/ref_all.fasta	OK
PQ034653	Gadus morhua	results/ref_all.fasta	OK
PQ034652	Gadus morhua	results/ref_all.fasta	OK
PQ034651	Gadus morhua	results/ref_all.fasta	OK
PP087983	Gadus morhua	results/ref_all.fasta	OK
PP087982	Gadus morhua	results/ref_all.fasta	OK
PP087981	Gadus morhua	results/ref_all.fasta	OK
OR461757	Gadus morhua	results/ref_all.fasta	OK
MZ407825	Gadus morhua	results/ref_all.fasta	OK
MZ407824	Gadus morhua	results/ref_all.fasta	OK
ON545965	Gadus morhua	results/ref_all.fasta	OK
ON545957	Gadus morhua	results/ref_all.fasta	OK
ON545938	Gadus morhua	results/ref_all.fasta	OK
ON545937	Gadus morhua	results/ref_all.fasta	OK
ON545935	Gadus morhua	results/ref_all.fasta	OK
ON545933	Gadus morhua	results/ref_all.fasta	OK
ON545931	Gadus morhua	results/ref_all.fasta	OK
MW831011	Gadus morhua	results/ref_all.fasta	OK
MW829365	Gadus morhua	results/ref_all.fasta	OK
PZ799171	Salmo salar	results/ref_all.fasta	OK
PZ676072	Salmo salar	results/ref_all.fasta	OK
PV570336	Salmo salar	results/ref_all.fasta	OK
PV570335	Salmo salar	results/ref_all.fasta	OK
PV570334	Salmo salar	results/ref_all.fasta	OK
OR654937	Salmo salar	results/ref_all.fasta	OK
OR654936	Salmo salar	results/ref_all.fasta	OK
OR654935	Salmo salar	results/ref_all.fasta	OK
OR654929	Salmo salar	results/ref_all.fasta	OK
OR654921	Salmo salar	results/ref_all.fasta	OK
OR654920	Salmo salar	results/ref_all.fasta	OK
OR654919	Salmo salar	results/ref_all.fasta	OK
OR654918	Salmo salar	results/ref_all.fasta	OK
OR654917	Salmo salar	results/ref_all.fasta	OK
OR654916	Salmo salar	results/ref_all.fasta	OK
OR654915	Salmo salar	results/ref_all.fasta	OK
OR654914	Salmo salar	results/ref_all.fasta	OK
PP917805	Salmo salar	results/ref_all.fasta	OK
PP917790	Salmo salar	results/ref_all.fasta	OK
PP917789	Salmo salar	results/ref_all.fasta	OK
OR284614	Merluccius paradoxus	results/ref_all.fasta	OK
OR284613	Merluccius paradoxus	results/ref_all.fasta	OK
OR284612	Merluccius paradoxus	results/ref_all.fasta	OK
OR284611	Merluccius paradoxus	results/ref_all.fasta	OK
OR284610	Merluccius paradoxus	results/ref_all.fasta	OK
JF268613	Merluccius paradoxus	results/ref_all.fasta	OK
JF268612	Merluccius paradoxus	results/ref_all.fasta	OK
JF493889	Merluccius paradoxus	results/ref_all.fasta	OK
JF493888	Merluccius paradoxus	results/ref_all.fasta	OK
JF493887	Merluccius paradoxus	results/ref_all.fasta	OK
JF493886	Merluccius paradoxus	results/ref_all.fasta	OK
JF493885	Merluccius paradoxus	results/ref_all.fasta	OK
KX017725	Merluccius paradoxus	results/ref_all.fasta	OK
KX017716	Merluccius paradoxus	results/ref_all.fasta	OK
HM007689	Merluccius paradoxus	results/ref_all.fasta	OK
HM007688	Merluccius paradoxus	results/ref_all.fasta	OK
HM007687	Merluccius paradoxus	results/ref_all.fasta	OK
HM007686	Merluccius paradoxus	results/ref_all.fasta	OK
HM007685	Merluccius paradoxus	results/ref_all.fasta	OK
HM007684	Merluccius paradoxus	results/ref_all.fasta	OK
OR290818	Merluccius gayi	results/ref_all.fasta	OK
OR290817	Merluccius gayi	results/ref_all.fasta	OK
OR290816	Merluccius gayi	results/ref_all.fasta	OK
OR290815	Merluccius gayi	results/ref_all.fasta	OK
OR290814	Merluccius gayi	results/ref_all.fasta	OK
OR290813	Merluccius gayi	results/ref_all.fasta	OK
OR290812	Merluccius gayi	results/ref_all.fasta	OK
OR290811	Merluccius gayi	results/ref_all.fasta	OK
OR290810	Merluccius gayi	results/ref_all.fasta	OK
OR290809	Merluccius gayi	results/ref_all.fasta	OK
OR290808	Merluccius gayi	results/ref_all.fasta	OK
OR290807	Merluccius gayi	results/ref_all.fasta	OK
OR290806	Merluccius gayi	results/ref_all.fasta	OK
OR290805	Merluccius gayi	results/ref_all.fasta	OK
OR290804	Merluccius gayi	results/ref_all.fasta	OK
OR290803	Merluccius gayi	results/ref_all.fasta	OK
OR290802	Merluccius gayi	results/ref_all.fasta	OK
OR290801	Merluccius gayi	results/ref_all.fasta	OK
OR290800	Merluccius gayi	results/ref_all.fasta	OK
OR290799	Merluccius gayi	results/ref_all.fasta	OK
MZ407793	Merluccius australis	results/ref_all.fasta	OK
ON024743	Merluccius australis	results/ref_all.fasta	OK
MN756276	Merluccius australis	results/ref_all.fasta	OK
MT890548	Merluccius australis	results/ref_all.fasta	OK
MN893172	Merluccius australis	results/ref_all.fasta	OK
KM255106	Merluccius australis	results/ref_all.fasta	OK
KM255105	Merluccius australis	results/ref_all.fasta	OK
KM255104	Merluccius australis	results/ref_all.fasta	OK
KM255103	Merluccius australis	results/ref_all.fasta	OK
KM255102	Merluccius australis	results/ref_all.fasta	OK
KM255101	Merluccius australis	results/ref_all.fasta	OK
KM255100	Merluccius australis	results/ref_all.fasta	OK
KM255099	Merluccius australis	results/ref_all.fasta	OK
KM255098	Merluccius australis	results/ref_all.fasta	OK
KM255097	Merluccius australis	results/ref_all.fasta	OK
KM255096	Merluccius australis	results/ref_all.fasta	OK
KM255095	Merluccius australis	results/ref_all.fasta	OK
KJ467513	Merluccius australis	results/ref_all.fasta	OK
KF597039	Merluccius australis	results/ref_all.fasta	OK
EU074468	Merluccius australis	results/ref_all.fasta	OK
HM421971	Merluccius hubbsi	results/ref_all.fasta	OK
HM421970	Merluccius hubbsi	results/ref_all.fasta	OK
HM421969	Merluccius hubbsi	results/ref_all.fasta	OK
HM421968	Merluccius hubbsi	results/ref_all.fasta	OK
HM421967	Merluccius hubbsi	results/ref_all.fasta	OK
HM421966	Merluccius hubbsi	results/ref_all.fasta	OK
HM421965	Merluccius hubbsi	results/ref_all.fasta	OK
HM421964	Merluccius hubbsi	results/ref_all.fasta	OK
GQ988401	Merluccius hubbsi	results/ref_all.fasta	OK
KP975782	Merluccius hubbsi	results/ref_all.fasta	OK
KP975780	Merluccius hubbsi	results/ref_all.fasta	OK
KJ467522	Merluccius hubbsi	results/ref_all.fasta	OK
KF597037	Merluccius hubbsi	results/ref_all.fasta	OK
GU702480	Merluccius hubbsi	results/ref_all.fasta	OK
GU702479	Merluccius hubbsi	results/ref_all.fasta	OK
GU702478	Merluccius hubbsi	results/ref_all.fasta	OK
JQ365421	Merluccius hubbsi	results/ref_all.fasta	OK
GU324174	Merluccius hubbsi	results/ref_all.fasta	OK
EU074478	Merluccius hubbsi	results/ref_all.fasta	OK
EU074477	Merluccius hubbsi	results/ref_all.fasta	OK
JF268620	Merluccius capensis	results/ref_all.fasta	OK
JF268619	Merluccius capensis	results/ref_all.fasta	OK
JF268618	Merluccius capensis	results/ref_all.fasta	OK
JF268617	Merluccius capensis	results/ref_all.fasta	OK
JF268616	Merluccius capensis	results/ref_all.fasta	OK
JF268615	Merluccius capensis	results/ref_all.fasta	OK
JF268614	Merluccius capensis	results/ref_all.fasta	OK
JF493884	Merluccius capensis	results/ref_all.fasta	OK
JF493883	Merluccius capensis	results/ref_all.fasta	OK
JF493882	Merluccius capensis	results/ref_all.fasta	OK
JF493881	Merluccius capensis	results/ref_all.fasta	OK
JF493880	Merluccius capensis	results/ref_all.fasta	OK
HQ611082	Merluccius capensis	results/ref_all.fasta	OK
HM007692	Merluccius capensis	results/ref_all.fasta	OK
HM007691	Merluccius capensis	results/ref_all.fasta	OK
HM007690	Merluccius capensis	results/ref_all.fasta	OK
GQ988405	Merluccius capensis	results/ref_all.fasta	OK
KJ467521	Merluccius capensis	results/ref_all.fasta	OK
KJ467520	Merluccius capensis	results/ref_all.fasta	OK
KJ467519	Merluccius capensis	results/ref_all.fasta	OK
PV496050	Pollachius virens	results/ref_all.fasta	OK
PV496049	Pollachius virens	results/ref_all.fasta	OK
PQ034645	Pollachius virens	results/ref_all.fasta	OK
PQ034644	Pollachius virens	results/ref_all.fasta	OK
PQ034643	Pollachius virens	results/ref_all.fasta	OK
MT455166	Pollachius virens	results/ref_all.fasta	OK
MK241680	Pollachius virens	results/ref_all.fasta	OK
MK241678	Pollachius virens	results/ref_all.fasta	OK
MN893170	Pollachius virens	results/ref_all.fasta	OK
LC146692	Pollachius virens	results/ref_all.fasta	OK
MG205141	Pollachius virens	results/ref_all.fasta	OK
MG205128	Pollachius virens	results/ref_all.fasta	OK
MG205116	Pollachius virens	results/ref_all.fasta	OK
MG205101	Pollachius virens	results/ref_all.fasta	OK
MG205093	Pollachius virens	results/ref_all.fasta	OK
MG205000	Pollachius virens	results/ref_all.fasta	OK
MG204990	Pollachius virens	results/ref_all.fasta	OK
MG204955	Pollachius virens	results/ref_all.fasta	OK
KX119495	Pollachius virens	results/ref_all.fasta	OK
KX119494	Pollachius virens	results/ref_all.fasta	OK
ON545962	Pleuronectes platessa	results/ref_all.fasta	OK
ON545954	Pleuronectes platessa	results/ref_all.fasta	OK
ON545949	Pleuronectes platessa	results/ref_all.fasta	OK
ON545944	Pleuronectes platessa	results/ref_all.fasta	OK
MN756319	Pleuronectes platessa	results/ref_all.fasta	OK
MT890560	Pleuronectes platessa	results/ref_all.fasta	OK
MT890559	Pleuronectes platessa	results/ref_all.fasta	OK
MT890558	Pleuronectes platessa	results/ref_all.fasta	OK
MK216614	Pleuronectes platessa	results/ref_all.fasta	OK
MN893185	Pleuronectes platessa	results/ref_all.fasta	OK
MG253491	Pleuronectes platessa	results/ref_all.fasta	OK
MG253490	Pleuronectes platessa	results/ref_all.fasta	OK
MG253489	Pleuronectes platessa	results/ref_all.fasta	OK
MG253488	Pleuronectes platessa	results/ref_all.fasta	OK
MG253487	Pleuronectes platessa	results/ref_all.fasta	OK
MG253486	Pleuronectes platessa	results/ref_all.fasta	OK
MG253485	Pleuronectes platessa	results/ref_all.fasta	OK
MG253484	Pleuronectes platessa	results/ref_all.fasta	OK
MG253483	Pleuronectes platessa	results/ref_all.fasta	OK
MG253482	Pleuronectes platessa	results/ref_all.fasta	OK
PV841539	Sander lucioperca	results/ref_all.fasta	OK
PV841538	Sander lucioperca	results/ref_all.fasta	OK
PV841537	Sander lucioperca	results/ref_all.fasta	OK
PV841536	Sander lucioperca	results/ref_all.fasta	OK
PV841535	Sander lucioperca	results/ref_all.fasta	OK
PV841534	Sander lucioperca	results/ref_all.fasta	OK
PV841533	Sander lucioperca	results/ref_all.fasta	OK
PV841532	Sander lucioperca	results/ref_all.fasta	OK
PV841531	Sander lucioperca	results/ref_all.fasta	OK
PV841530	Sander lucioperca	results/ref_all.fasta	OK
PV841529	Sander lucioperca	results/ref_all.fasta	OK
PV841528	Sander lucioperca	results/ref_all.fasta	OK
PP702697	Sander lucioperca	results/ref_all.fasta	OK
PQ394796	Sander lucioperca	results/ref_all.fasta	OK
ON934138	Sander lucioperca	results/ref_all.fasta	OK
ON097303	Sander lucioperca	results/ref_all.fasta	OK
ON097886	Sander lucioperca	results/ref_all.fasta	OK
ON097742	Sander lucioperca	results/ref_all.fasta	OK
ON097642	Sander lucioperca	results/ref_all.fasta	OK
MT833816	Sander lucioperca	results/ref_all.fasta	OK
PV496041	Arctogadus glacialis	results/ref_all.fasta	OK
MW435147	Arctogadus glacialis	results/ref_all.fasta	OK
MW435139	Arctogadus glacialis	results/ref_all.fasta	OK
MW435104	Arctogadus glacialis	results/ref_all.fasta	OK
MW435103	Arctogadus glacialis	results/ref_all.fasta	OK
MW435100	Arctogadus glacialis	results/ref_all.fasta	OK
MW435099	Arctogadus glacialis	results/ref_all.fasta	OK
MW435098	Arctogadus glacialis	results/ref_all.fasta	OK
MW435096	Arctogadus glacialis	results/ref_all.fasta	OK
MW435095	Arctogadus glacialis	results/ref_all.fasta	OK
MW435094	Arctogadus glacialis	results/ref_all.fasta	OK
MW435093	Arctogadus glacialis	results/ref_all.fasta	OK
MW435092	Arctogadus glacialis	results/ref_all.fasta	OK
MW435091	Arctogadus glacialis	results/ref_all.fasta	OK
MW435090	Arctogadus glacialis	results/ref_all.fasta	OK
MW435088	Arctogadus glacialis	results/ref_all.fasta	OK
MW435087	Arctogadus glacialis	results/ref_all.fasta	OK
MW435025	Arctogadus glacialis	results/ref_all.fasta	OK
MZ169751	Arctogadus glacialis	results/ref_all.fasta	OK
MZ169750	Arctogadus glacialis	results/ref_all.fasta	OK
PV541609	Limanda aspera	results/ref_all.fasta	OK
PV541577	Limanda aspera	results/ref_all.fasta	OK
ON089662	Limanda aspera	results/ref_all.fasta	OK
MW435027	Limanda aspera	results/ref_all.fasta	OK
MW829385	Limanda aspera	results/ref_all.fasta	OK
MZ317440	Limanda aspera	results/ref_all.fasta	OK
MZ314738	Limanda aspera	results/ref_all.fasta	OK
MW692350	Limanda aspera	results/ref_all.fasta	OK
MK283726	Limanda aspera	results/ref_all.fasta	OK
MK283725	Limanda aspera	results/ref_all.fasta	OK
MK283724	Limanda aspera	results/ref_all.fasta	OK
MK283723	Limanda aspera	results/ref_all.fasta	OK
MK283722	Limanda aspera	results/ref_all.fasta	OK
MK283721	Limanda aspera	results/ref_all.fasta	OK
MG205133	Limanda aspera	results/ref_all.fasta	OK
MG204987	Limanda aspera	results/ref_all.fasta	OK
MG204933	Limanda aspera	results/ref_all.fasta	OK
EU513663	Limanda aspera	results/ref_all.fasta	OK
EU513662	Limanda aspera	results/ref_all.fasta	OK
EU513661	Limanda aspera	results/ref_all.fasta	OK
KJ010704	Gadus chalcogrammus	results/ref_all.fasta	OK
KJ010660	Gadus chalcogrammus	results/ref_all.fasta	OK
KJ010598	Gadus chalcogrammus	results/ref_all.fasta	OK
KJ010584	Gadus chalcogrammus	results/ref_all.fasta	OK
EF119325	Gadus chalcogrammus	results/ref_all.fasta	OK
EF119324	Gadus chalcogrammus	results/ref_all.fasta	OK
GU581268	Gadus chalcogrammus	results/ref_all.fasta	OK
FJ215192	Gadus chalcogrammus	results/ref_all.fasta	OK
EU548199	Gadus chalcogrammus	results/ref_all.fasta	OK
EU548198	Gadus chalcogrammus	results/ref_all.fasta	OK
EU548102	Gadus chalcogrammus	results/ref_all.fasta	OK
EU099474	Gadus chalcogrammus	results/ref_all.fasta	OK
AY850362	Gadus chalcogrammus	results/ref_all.fasta	OK
AY800003	Gadus chalcogrammus	results/ref_all.fasta	OK
KJ128773	Gadus morhua	results/ref_all.fasta	OK
KJ128772	Gadus morhua	results/ref_all.fasta	OK
JX121817	Gadus morhua	results/ref_all.fasta	OK
GU324163	Gadus morhua	results/ref_all.fasta	OK
GU931786	Gadus morhua	results/ref_all.fasta	OK
GU018116	Gadus morhua	results/ref_all.fasta	OK
FN687995	Gadus morhua	results/ref_all.fasta	OK
FN687994	Gadus morhua	results/ref_all.fasta	OK
FN687993	Gadus morhua	results/ref_all.fasta	OK
FN687992	Gadus morhua	results/ref_all.fasta	OK
FN687991	Gadus morhua	results/ref_all.fasta	OK
AY141399	Gadus morhua	results/ref_all.fasta	OK
AY850363	Gadus morhua	results/ref_all.fasta	OK
DQ983938	Gadus morhua	results/ref_all.fasta	OK
AF420462	Gadus morhua	results/ref_all.fasta	OK
KJ128886	Salmo salar	results/ref_all.fasta	OK
KJ128885	Salmo salar	results/ref_all.fasta	OK
X77565	Salmo salar	results/ref_all.fasta	OK
KY798502	Salmo salar	results/ref_all.fasta	OK
EU643687	Salmo salar	results/ref_all.fasta	OK
EU643686	Salmo salar	results/ref_all.fasta	OK
EU643684	Salmo salar	results/ref_all.fasta	OK
EU643683	Salmo salar	results/ref_all.fasta	OK
EU643682	Salmo salar	results/ref_all.fasta	OK
AF115420	Salmo salar	results/ref_all.fasta	OK
AF115419	Salmo salar	results/ref_all.fasta	OK
AF115418	Salmo salar	results/ref_all.fasta	OK
AF115417	Salmo salar	results/ref_all.fasta	OK
AF115416	Salmo salar	results/ref_all.fasta	OK
AF115415	Salmo salar	results/ref_all.fasta	OK
AF115414	Salmo salar	results/ref_all.fasta	OK
AF115413	Salmo salar	results/ref_all.fasta	OK
AF115412	Salmo salar	results/ref_all.fasta	OK
KR476973	Salmo salar	results/ref_all.fasta	OK
KR476892	Salmo salar	results/ref_all.fasta	OK
GU324141	Merluccius paradoxus	results/ref_all.fasta	OK
GU946586	Merluccius paradoxus	results/ref_all.fasta	OK
GU946585	Merluccius paradoxus	results/ref_all.fasta	OK
GU946584	Merluccius paradoxus	results/ref_all.fasta	OK
GU946583	Merluccius paradoxus	results/ref_all.fasta	OK
GU946582	Merluccius paradoxus	results/ref_all.fasta	OK
HQ641673	Merluccius paradoxus	results/ref_all.fasta	OK
HQ641672	Merluccius paradoxus	results/ref_all.fasta	OK
EU348302	Merluccius paradoxus	results/ref_all.fasta	OK
DQ274035	Merluccius paradoxus	results/ref_all.fasta	OK
EU196046	Merluccius paradoxus	results/ref_all.fasta	OK
FJ215163	Merluccius gayi	results/ref_all.fasta	OK
HM211190	Merluccius gayi	results/ref_all.fasta	OK
DQ274025	Merluccius gayi	results/ref_all.fasta	OK
DQ274024	Merluccius gayi	results/ref_all.fasta	OK
MK902893	Merluccius australis	results/ref_all.fasta	OK
FJ215162	Merluccius australis	results/ref_all.fasta	OK
DQ274019	Merluccius australis	results/ref_all.fasta	OK
KC984258	Merluccius hubbsi	results/ref_all.fasta	OK
GU324138	Merluccius hubbsi	results/ref_all.fasta	OK
FJ215168	Merluccius hubbsi	results/ref_all.fasta	OK
EU348299	Merluccius hubbsi	results/ref_all.fasta	OK
DQ274027	Merluccius hubbsi	results/ref_all.fasta	OK
DQ274026	Merluccius hubbsi	results/ref_all.fasta	OK
EU196045	Merluccius hubbsi	results/ref_all.fasta	OK
HQ592194	Merluccius capensis	results/ref_all.fasta	OK
GU946589	Merluccius capensis	results/ref_all.fasta	OK
GU946588	Merluccius capensis	results/ref_all.fasta	OK
GU946587	Merluccius capensis	results/ref_all.fasta	OK
FJ215166	Merluccius capensis	results/ref_all.fasta	OK
DQ274023	Merluccius capensis	results/ref_all.fasta	OK
DQ274022	Merluccius capensis	results/ref_all.fasta	OK
EU196047	Merluccius capensis	results/ref_all.fasta	OK
KJ128867	Pollachius virens	results/ref_all.fasta	OK
KJ128866	Pollachius virens	results/ref_all.fasta	OK
FJ215186	Pollachius virens	results/ref_all.fasta	OK
GU581264	Pollachius virens	results/ref_all.fasta	OK
AF420461	Pollachius virens	results/ref_all.fasta	OK
PV414278	Pleuronectes platessa	results/ref_all.fasta	OK
KJ128865	Pleuronectes platessa	results/ref_all.fasta	OK
KJ128864	Pleuronectes platessa	results/ref_all.fasta	OK
JQ939088	Pleuronectes platessa	results/ref_all.fasta	OK
GU324168	Pleuronectes platessa	results/ref_all.fasta	OK
GU324137	Pleuronectes platessa	results/ref_all.fasta	OK
AY359673	Pleuronectes platessa	results/ref_all.fasta	OK
FN688144	Pleuronectes platessa	results/ref_all.fasta	OK
FN688143	Pleuronectes platessa	results/ref_all.fasta	OK
FN688142	Pleuronectes platessa	results/ref_all.fasta	OK
FN688141	Pleuronectes platessa	results/ref_all.fasta	OK
FN688140	Pleuronectes platessa	results/ref_all.fasta	OK
FN688139	Pleuronectes platessa	results/ref_all.fasta	OK
FN688138	Pleuronectes platessa	results/ref_all.fasta	OK
FN688137	Pleuronectes platessa	results/ref_all.fasta	OK
EU348298	Pleuronectes platessa	results/ref_all.fasta	OK
AY157328	Pleuronectes platessa	results/ref_all.fasta	OK
KJ128894	Sander lucioperca	results/ref_all.fasta	OK
KJ128893	Sander lucioperca	results/ref_all.fasta	OK
KR476977	Sander lucioperca	results/ref_all.fasta	OK
KR476896	Sander lucioperca	results/ref_all.fasta	OK
JQ999986	Sander lucioperca	results/ref_all.fasta	OK
EU078995	Sander lucioperca	results/ref_all.fasta	OK
KJ010580	Limanda aspera	results/ref_all.fasta	OK
KJ010572	Limanda aspera	results/ref_all.fasta	OK
KC984231	Limanda aspera	results/ref_all.fasta	OK
FJ870395	Limanda aspera	results/ref_all.fasta	OK
FJ870394	Limanda aspera	results/ref_all.fasta	OK
AF488441	Limanda aspera	results/ref_all.fasta	OK
EU548136	Limanda aspera	results/ref_all.fasta	OK
EU548135	Limanda aspera	results/ref_all.fasta	OK
